<?xml version="1.0" encoding="UTF-8"?>
<gpx version="1.1" creator="MoteurGR-MareaMareCentre"
     xmlns="http://www.topografix.com/GPX/1/1"
     xmlns:xsi="http://www.w3.org/2001/XMLSchema-instance"
     xsi:schemaLocation="http://www.topografix.com/GPX/1/1
       http://www.topografix.com/GPX/1/1/gpx.xsd">
  <metadata>
    <name>Mare a Mare Centre</name>
    <desc>Trace du sentier Mare a Mare Centre, traversee Est-Ouest de la Corse. 7 etapes de Ghisonaccia a Porticcio. Geometrie relevee dans OpenStreetMap (relation 10032398, itineraire de randonnee balise), 3590 points, espacement median 19 m, 87.284 km. Altitudes issues du modele numerique de terrain EU-DEM (resolution 25 m).</desc>
    <copyright author="OpenStreetMap contributors">
      <license>https://opendatacommons.org/licenses/odbl/</license>
    </copyright>
    <link href="https://www.openstreetmap.org/relation/10032398">
      <text>Mare a Mare Centre Principal dans OpenStreetMap</text>
    </link>
  </metadata>
  <trk>
    <name>mare-a-mare-centre</name>
    <trkseg>
      <!-- Etape 1 : Ghisonaccia - Catastaghju -->
      <trkpt lat="41.9756594" lon="9.3993639"><ele>5.4</ele></trkpt>
      <trkpt lat="41.9756649" lon="9.3993201"><ele>5.4</ele></trkpt>
      <trkpt lat="41.9756889" lon="9.3991287"><ele>5.4</ele></trkpt>
      <trkpt lat="41.9761722" lon="9.3969485"><ele>6.2</ele></trkpt>
      <trkpt lat="41.9762403" lon="9.3966787"><ele>6.3</ele></trkpt>
      <trkpt lat="41.9763691" lon="9.3964652"><ele>6.3</ele></trkpt>
      <trkpt lat="41.9765127" lon="9.3962364"><ele>6.4</ele></trkpt>
      <trkpt lat="41.9768175" lon="9.3955141"><ele>6.7</ele></trkpt>
      <trkpt lat="41.9768342" lon="9.3953678"><ele>6.7</ele></trkpt>
      <trkpt lat="41.9768053" lon="9.3952372"><ele>6.7</ele></trkpt>
      <trkpt lat="41.9767211" lon="9.3951608"><ele>6.7</ele></trkpt>
      <trkpt lat="41.9764398" lon="9.3949928"><ele>6.3</ele></trkpt>
      <trkpt lat="41.9763816" lon="9.3949360"><ele>6.2</ele></trkpt>
      <trkpt lat="41.9763355" lon="9.3948407"><ele>6.0</ele></trkpt>
      <trkpt lat="41.9763161" lon="9.3946918"><ele>5.9</ele></trkpt>
      <trkpt lat="41.9763248" lon="9.3936816"><ele>6.4</ele></trkpt>
      <trkpt lat="41.9762504" lon="9.3934034"><ele>6.5</ele></trkpt>
      <trkpt lat="41.9757938" lon="9.3926411"><ele>7.2</ele></trkpt>
      <trkpt lat="41.9757156" lon="9.3924951"><ele>7.3</ele></trkpt>
      <trkpt lat="41.9756957" lon="9.3922967"><ele>7.2</ele></trkpt>
      <trkpt lat="41.9756315" lon="9.3917158"><ele>6.8</ele></trkpt>
      <trkpt lat="41.9755011" lon="9.3906047"><ele>6.9</ele></trkpt>
      <trkpt lat="41.9754387" lon="9.3899262"><ele>9.4</ele></trkpt>
      <trkpt lat="41.9754440" lon="9.3896742"><ele>11.1</ele></trkpt>
      <trkpt lat="41.9754486" lon="9.3894521"><ele>12.4</ele></trkpt>
      <trkpt lat="41.9757379" lon="9.3880484"><ele>17.8</ele></trkpt>
      <trkpt lat="41.9758589" lon="9.3878006"><ele>17.8</ele></trkpt>
      <trkpt lat="41.9760258" lon="9.3876374"><ele>17.5</ele></trkpt>
      <trkpt lat="41.9763076" lon="9.3875693"><ele>16.7</ele></trkpt>
      <trkpt lat="41.9764890" lon="9.3875898"><ele>16.0</ele></trkpt>
      <trkpt lat="41.9768398" lon="9.3875288"><ele>15.7</ele></trkpt>
      <trkpt lat="41.9771906" lon="9.3873701"><ele>15.8</ele></trkpt>
      <trkpt lat="41.9777476" lon="9.3873567"><ele>15.4</ele></trkpt>
      <trkpt lat="41.9782111" lon="9.3874083"><ele>14.7</ele></trkpt>
      <trkpt lat="41.9785964" lon="9.3874486"><ele>14.1</ele></trkpt>
      <trkpt lat="41.9786473" lon="9.3874758"><ele>14.0</ele></trkpt>
      <trkpt lat="41.9786961" lon="9.3875337"><ele>13.8</ele></trkpt>
      <trkpt lat="41.9787265" lon="9.3875452"><ele>13.8</ele></trkpt>
      <trkpt lat="41.9787696" lon="9.3875333"><ele>13.8</ele></trkpt>
      <trkpt lat="41.9788490" lon="9.3874902"><ele>13.8</ele></trkpt>
      <trkpt lat="41.9792978" lon="9.3872681"><ele>14.0</ele></trkpt>
      <trkpt lat="41.9794518" lon="9.3871850"><ele>14.1</ele></trkpt>
      <trkpt lat="41.9794700" lon="9.3871559"><ele>14.1</ele></trkpt>
      <trkpt lat="41.9794348" lon="9.3864567"><ele>16.1</ele></trkpt>
      <trkpt lat="41.9793220" lon="9.3857753"><ele>17.8</ele></trkpt>
      <trkpt lat="41.9792312" lon="9.3854231"><ele>18.7</ele></trkpt>
      <trkpt lat="41.9790755" lon="9.3845078"><ele>21.3</ele></trkpt>
      <trkpt lat="41.9788973" lon="9.3834364"><ele>25.2</ele></trkpt>
      <trkpt lat="41.9788393" lon="9.3830232"><ele>26.0</ele></trkpt>
      <trkpt lat="41.9788377" lon="9.3826576"><ele>25.9</ele></trkpt>
      <trkpt lat="41.9788103" lon="9.3824257"><ele>26.0</ele></trkpt>
      <trkpt lat="41.9787225" lon="9.3819121"><ele>26.7</ele></trkpt>
      <trkpt lat="41.9786953" lon="9.3816610"><ele>26.6</ele></trkpt>
      <trkpt lat="41.9786879" lon="9.3807556"><ele>24.4</ele></trkpt>
      <trkpt lat="41.9786198" lon="9.3804279"><ele>23.8</ele></trkpt>
      <trkpt lat="41.9785785" lon="9.3802104"><ele>23.3</ele></trkpt>
      <trkpt lat="41.9785704" lon="9.3800574"><ele>23.0</ele></trkpt>
      <trkpt lat="41.9785530" lon="9.3799057"><ele>23.3</ele></trkpt>
      <trkpt lat="41.9784346" lon="9.3795959"><ele>23.7</ele></trkpt>
      <trkpt lat="41.9782948" lon="9.3793335"><ele>24.0</ele></trkpt>
      <trkpt lat="41.9782477" lon="9.3790755"><ele>24.1</ele></trkpt>
      <trkpt lat="41.9780669" lon="9.3786056"><ele>25.0</ele></trkpt>
      <trkpt lat="41.9779323" lon="9.3783735"><ele>25.7</ele></trkpt>
      <trkpt lat="41.9778929" lon="9.3783219"><ele>25.8</ele></trkpt>
      <trkpt lat="41.9778835" lon="9.3781689"><ele>26.0</ele></trkpt>
      <trkpt lat="41.9778531" lon="9.3780535"><ele>26.2</ele></trkpt>
      <trkpt lat="41.9777555" lon="9.3775676"><ele>27.1</ele></trkpt>
      <trkpt lat="41.9777233" lon="9.3773974"><ele>27.3</ele></trkpt>
      <trkpt lat="41.9777334" lon="9.3771734"><ele>27.4</ele></trkpt>
      <trkpt lat="41.9777133" lon="9.3769017"><ele>27.8</ele></trkpt>
      <trkpt lat="41.9776690" lon="9.3766654"><ele>28.2</ele></trkpt>
      <trkpt lat="41.9776644" lon="9.3763974"><ele>28.8</ele></trkpt>
      <trkpt lat="41.9776226" lon="9.3762144"><ele>29.3</ele></trkpt>
      <trkpt lat="41.9774878" lon="9.3760833"><ele>30.0</ele></trkpt>
      <trkpt lat="41.9774130" lon="9.3759479"><ele>30.6</ele></trkpt>
      <trkpt lat="41.9773506" lon="9.3756915"><ele>31.4</ele></trkpt>
      <trkpt lat="41.9772735" lon="9.3754443"><ele>32.1</ele></trkpt>
      <trkpt lat="41.9772467" lon="9.3749411"><ele>32.9</ele></trkpt>
      <trkpt lat="41.9772005" lon="9.3747151"><ele>33.4</ele></trkpt>
      <trkpt lat="41.9770857" lon="9.3745395"><ele>33.6</ele></trkpt>
      <trkpt lat="41.9769771" lon="9.3742359"><ele>33.8</ele></trkpt>
      <trkpt lat="41.9769204" lon="9.3739076"><ele>33.7</ele></trkpt>
      <trkpt lat="41.9768582" lon="9.3737579"><ele>33.7</ele></trkpt>
      <trkpt lat="41.9768094" lon="9.3737099"><ele>33.7</ele></trkpt>
      <trkpt lat="41.9767140" lon="9.3736905"><ele>33.9</ele></trkpt>
      <trkpt lat="41.9766411" lon="9.3736424"><ele>34.1</ele></trkpt>
      <trkpt lat="41.9765846" lon="9.3734950"><ele>34.4</ele></trkpt>
      <trkpt lat="41.9765044" lon="9.3730517"><ele>34.5</ele></trkpt>
      <trkpt lat="41.9764938" lon="9.3726825"><ele>34.7</ele></trkpt>
      <trkpt lat="41.9764088" lon="9.3722475"><ele>35.7</ele></trkpt>
      <trkpt lat="41.9763319" lon="9.3716648"><ele>37.2</ele></trkpt>
      <trkpt lat="41.9763243" lon="9.3711873"><ele>38.3</ele></trkpt>
      <trkpt lat="41.9763112" lon="9.3710225"><ele>38.9</ele></trkpt>
      <trkpt lat="41.9762433" lon="9.3708256"><ele>39.7</ele></trkpt>
      <trkpt lat="41.9762335" lon="9.3707406"><ele>40.2</ele></trkpt>
      <trkpt lat="41.9763551" lon="9.3705692"><ele>41.8</ele></trkpt>
      <trkpt lat="41.9763805" lon="9.3704846"><ele>42.4</ele></trkpt>
      <trkpt lat="41.9764499" lon="9.3702536"><ele>44.3</ele></trkpt>
      <trkpt lat="41.9765309" lon="9.3699007"><ele>46.9</ele></trkpt>
      <trkpt lat="41.9765360" lon="9.3696938"><ele>48.2</ele></trkpt>
      <trkpt lat="41.9765917" lon="9.3694744"><ele>49.4</ele></trkpt>
      <trkpt lat="41.9767551" lon="9.3691376"><ele>50.4</ele></trkpt>
      <trkpt lat="41.9769465" lon="9.3688962"><ele>50.5</ele></trkpt>
      <trkpt lat="41.9771419" lon="9.3687674"><ele>50.0</ele></trkpt>
      <trkpt lat="41.9773646" lon="9.3686566"><ele>49.5</ele></trkpt>
      <trkpt lat="41.9774490" lon="9.3685475"><ele>49.7</ele></trkpt>
      <trkpt lat="41.9775128" lon="9.3681720"><ele>50.7</ele></trkpt>
      <trkpt lat="41.9775607" lon="9.3680432"><ele>51.0</ele></trkpt>
      <trkpt lat="41.9775926" lon="9.3679574"><ele>51.2</ele></trkpt>
      <trkpt lat="41.9776929" lon="9.3676030"><ele>52.3</ele></trkpt>
      <trkpt lat="41.9777433" lon="9.3673359"><ele>53.1</ele></trkpt>
      <trkpt lat="41.9778478" lon="9.3672600"><ele>53.1</ele></trkpt>
      <trkpt lat="41.9780711" lon="9.3672171"><ele>53.1</ele></trkpt>
      <trkpt lat="41.9780939" lon="9.3671613"><ele>53.3</ele></trkpt>
      <trkpt lat="41.9780851" lon="9.3670988"><ele>53.5</ele></trkpt>
      <trkpt lat="41.9792838" lon="9.3673231"><ele>52.9</ele></trkpt>
      <trkpt lat="41.9796509" lon="9.3673566"><ele>51.8</ele></trkpt>
      <trkpt lat="41.9800180" lon="9.3673040"><ele>51.0</ele></trkpt>
      <trkpt lat="41.9803887" lon="9.3671476"><ele>50.4</ele></trkpt>
      <trkpt lat="41.9815052" lon="9.3664063"><ele>48.5</ele></trkpt>
      <trkpt lat="41.9818740" lon="9.3661607"><ele>48.0</ele></trkpt>
      <trkpt lat="41.9824239" lon="9.3657945"><ele>47.7</ele></trkpt>
      <trkpt lat="41.9826991" lon="9.3656113"><ele>47.4</ele></trkpt>
      <trkpt lat="41.9832950" lon="9.3652261"><ele>46.1</ele></trkpt>
      <trkpt lat="41.9834190" lon="9.3651459"><ele>45.9</ele></trkpt>
      <trkpt lat="41.9837158" lon="9.3649402"><ele>45.6</ele></trkpt>
      <trkpt lat="41.9837800" lon="9.3648980"><ele>45.6</ele></trkpt>
      <trkpt lat="41.9857253" lon="9.3636197"><ele>42.4</ele></trkpt>
      <trkpt lat="41.9867881" lon="9.3629214"><ele>45.1</ele></trkpt>
      <trkpt lat="41.9870638" lon="9.3627390"><ele>45.9</ele></trkpt>
      <trkpt lat="41.9870508" lon="9.3626915"><ele>46.0</ele></trkpt>
      <trkpt lat="41.9870816" lon="9.3624987"><ele>46.5</ele></trkpt>
      <trkpt lat="41.9871095" lon="9.3623672"><ele>46.9</ele></trkpt>
      <trkpt lat="41.9871792" lon="9.3621757"><ele>48.1</ele></trkpt>
      <trkpt lat="41.9871940" lon="9.3620409"><ele>49.3</ele></trkpt>
      <trkpt lat="41.9872210" lon="9.3617956"><ele>53.2</ele></trkpt>
      <trkpt lat="41.9874105" lon="9.3614995"><ele>58.8</ele></trkpt>
      <trkpt lat="41.9874911" lon="9.3613909"><ele>60.8</ele></trkpt>
      <trkpt lat="41.9876799" lon="9.3612555"><ele>62.7</ele></trkpt>
      <trkpt lat="41.9876897" lon="9.3611930"><ele>64.5</ele></trkpt>
      <trkpt lat="41.9876667" lon="9.3611468"><ele>66.2</ele></trkpt>
      <trkpt lat="41.9876375" lon="9.3611482"><ele>66.6</ele></trkpt>
      <trkpt lat="41.9876085" lon="9.3611502"><ele>67.0</ele></trkpt>
      <trkpt lat="41.9873637" lon="9.3611670"><ele>69.9</ele></trkpt>
      <trkpt lat="41.9871280" lon="9.3611994"><ele>71.9</ele></trkpt>
      <trkpt lat="41.9870022" lon="9.3612314"><ele>72.3</ele></trkpt>
      <trkpt lat="41.9865592" lon="9.3612405"><ele>76.5</ele></trkpt>
      <trkpt lat="41.9866779" lon="9.3611184"><ele>80.3</ele></trkpt>
      <trkpt lat="41.9867491" lon="9.3610656"><ele>81.9</ele></trkpt>
      <trkpt lat="41.9867366" lon="9.3610166"><ele>84.4</ele></trkpt>
      <trkpt lat="41.9866689" lon="9.3609481"><ele>88.4</ele></trkpt>
      <trkpt lat="41.9865868" lon="9.3609123"><ele>90.8</ele></trkpt>
      <trkpt lat="41.9865517" lon="9.3608673"><ele>93.2</ele></trkpt>
      <trkpt lat="41.9865565" lon="9.3608039"><ele>96.2</ele></trkpt>
      <trkpt lat="41.9867743" lon="9.3607696"><ele>96.2</ele></trkpt>
      <trkpt lat="41.9869293" lon="9.3606388"><ele>100.8</ele></trkpt>
      <trkpt lat="41.9870571" lon="9.3605774"><ele>101.9</ele></trkpt>
      <trkpt lat="41.9871682" lon="9.3605616"><ele>100.4</ele></trkpt>
      <trkpt lat="41.9877149" lon="9.3603202"><ele>97.0</ele></trkpt>
      <trkpt lat="41.9880733" lon="9.3599198"><ele>102.4</ele></trkpt>
      <trkpt lat="41.9881329" lon="9.3597920"><ele>105.6</ele></trkpt>
      <trkpt lat="41.9882328" lon="9.3595789"><ele>110.2</ele></trkpt>
      <trkpt lat="41.9884464" lon="9.3595364"><ele>105.4</ele></trkpt>
      <trkpt lat="41.9886562" lon="9.3593218"><ele>105.6</ele></trkpt>
      <trkpt lat="41.9887173" lon="9.3591418"><ele>108.5</ele></trkpt>
      <trkpt lat="41.9887393" lon="9.3589715"><ele>112.1</ele></trkpt>
      <trkpt lat="41.9887448" lon="9.3588051"><ele>115.1</ele></trkpt>
      <trkpt lat="41.9887150" lon="9.3586890"><ele>118.2</ele></trkpt>
      <trkpt lat="41.9885972" lon="9.3584603"><ele>125.7</ele></trkpt>
      <trkpt lat="41.9885593" lon="9.3582163"><ele>131.0</ele></trkpt>
      <trkpt lat="41.9885016" lon="9.3580300"><ele>135.8</ele></trkpt>
      <trkpt lat="41.9883988" lon="9.3578413"><ele>141.9</ele></trkpt>
      <trkpt lat="41.9882357" lon="9.3576241"><ele>151.0</ele></trkpt>
      <trkpt lat="41.9882091" lon="9.3574267"><ele>155.8</ele></trkpt>
      <trkpt lat="41.9882328" lon="9.3571095"><ele>163.4</ele></trkpt>
      <trkpt lat="41.9883848" lon="9.3569134"><ele>165.5</ele></trkpt>
      <trkpt lat="41.9886213" lon="9.3566906"><ele>168.1</ele></trkpt>
      <trkpt lat="41.9887497" lon="9.3565376"><ele>170.2</ele></trkpt>
      <trkpt lat="41.9885602" lon="9.3564616"><ele>176.7</ele></trkpt>
      <trkpt lat="41.9880652" lon="9.3565207"><ele>189.0</ele></trkpt>
      <trkpt lat="41.9879447" lon="9.3564639"><ele>196.0</ele></trkpt>
      <trkpt lat="41.9880124" lon="9.3562702"><ele>200.5</ele></trkpt>
      <trkpt lat="41.9881487" lon="9.3561739"><ele>198.6</ele></trkpt>
      <trkpt lat="41.9882269" lon="9.3560269"><ele>200.9</ele></trkpt>
      <trkpt lat="41.9882806" lon="9.3557105"><ele>208.3</ele></trkpt>
      <trkpt lat="41.9882661" lon="9.3555303"><ele>213.1</ele></trkpt>
      <trkpt lat="41.9882020" lon="9.3554726"><ele>216.6</ele></trkpt>
      <trkpt lat="41.9881014" lon="9.3556410"><ele>216.8</ele></trkpt>
      <trkpt lat="41.9880167" lon="9.3555907"><ele>220.9</ele></trkpt>
      <trkpt lat="41.9880360" lon="9.3552931"><ele>225.7</ele></trkpt>
      <trkpt lat="41.9881268" lon="9.3549673"><ele>225.3</ele></trkpt>
      <trkpt lat="41.9880772" lon="9.3548397"><ele>227.0</ele></trkpt>
      <trkpt lat="41.9881017" lon="9.3546466"><ele>225.4</ele></trkpt>
      <trkpt lat="41.9880687" lon="9.3544317"><ele>224.5</ele></trkpt>
      <trkpt lat="41.9878530" lon="9.3543249"><ele>229.5</ele></trkpt>
      <trkpt lat="41.9871664" lon="9.3542255"><ele>248.0</ele></trkpt>
      <trkpt lat="41.9866227" lon="9.3541633"><ele>263.2</ele></trkpt>
      <trkpt lat="41.9864013" lon="9.3541063"><ele>269.0</ele></trkpt>
      <trkpt lat="41.9861698" lon="9.3538984"><ele>273.2</ele></trkpt>
      <trkpt lat="41.9859406" lon="9.3535577"><ele>276.9</ele></trkpt>
      <trkpt lat="41.9857739" lon="9.3531111"><ele>280.5</ele></trkpt>
      <trkpt lat="41.9857178" lon="9.3527852"><ele>283.1</ele></trkpt>
      <trkpt lat="41.9857085" lon="9.3524599"><ele>285.1</ele></trkpt>
      <trkpt lat="41.9857255" lon="9.3521379"><ele>287.0</ele></trkpt>
      <trkpt lat="41.9858279" lon="9.3518950"><ele>286.3</ele></trkpt>
      <trkpt lat="41.9858379" lon="9.3516459"><ele>287.6</ele></trkpt>
      <trkpt lat="41.9858471" lon="9.3514261"><ele>288.4</ele></trkpt>
      <trkpt lat="41.9858309" lon="9.3512009"><ele>289.4</ele></trkpt>
      <trkpt lat="41.9858513" lon="9.3510283"><ele>289.7</ele></trkpt>
      <trkpt lat="41.9858659" lon="9.3506463"><ele>291.7</ele></trkpt>
      <trkpt lat="41.9859193" lon="9.3505399"><ele>291.2</ele></trkpt>
      <trkpt lat="41.9859663" lon="9.3504823"><ele>290.6</ele></trkpt>
      <trkpt lat="41.9860109" lon="9.3504315"><ele>290.0</ele></trkpt>
      <trkpt lat="41.9861082" lon="9.3501913"><ele>290.6</ele></trkpt>
      <trkpt lat="41.9861840" lon="9.3497675"><ele>295.5</ele></trkpt>
      <trkpt lat="41.9861919" lon="9.3495046"><ele>300.1</ele></trkpt>
      <trkpt lat="41.9863474" lon="9.3489628"><ele>307.3</ele></trkpt>
      <trkpt lat="41.9864551" lon="9.3488663"><ele>307.1</ele></trkpt>
      <trkpt lat="41.9864631" lon="9.3483674"><ele>314.3</ele></trkpt>
      <trkpt lat="41.9863660" lon="9.3478840"><ele>320.5</ele></trkpt>
      <trkpt lat="41.9862263" lon="9.3474249"><ele>324.9</ele></trkpt>
      <trkpt lat="41.9860922" lon="9.3473374"><ele>328.8</ele></trkpt>
      <trkpt lat="41.9858769" lon="9.3471496"><ele>334.4</ele></trkpt>
      <trkpt lat="41.9854742" lon="9.3465059"><ele>343.0</ele></trkpt>
      <trkpt lat="41.9850874" lon="9.3456905"><ele>356.9</ele></trkpt>
      <trkpt lat="41.9851353" lon="9.3452721"><ele>356.0</ele></trkpt>
      <trkpt lat="41.9852862" lon="9.3449891"><ele>349.3</ele></trkpt>
      <trkpt lat="41.9852987" lon="9.3447786"><ele>348.8</ele></trkpt>
      <trkpt lat="41.9852232" lon="9.3443835"><ele>352.6</ele></trkpt>
      <trkpt lat="41.9850675" lon="9.3442153"><ele>359.3</ele></trkpt>
      <trkpt lat="41.9848282" lon="9.3438720"><ele>367.7</ele></trkpt>
      <trkpt lat="41.9842039" lon="9.3432989"><ele>386.1</ele></trkpt>
      <trkpt lat="41.9839757" lon="9.3431224"><ele>391.3</ele></trkpt>
      <trkpt lat="41.9839362" lon="9.3430335"><ele>391.5</ele></trkpt>
      <trkpt lat="41.9838622" lon="9.3429746"><ele>393.1</ele></trkpt>
      <trkpt lat="41.9837648" lon="9.3427187"><ele>394.7</ele></trkpt>
      <trkpt lat="41.9836687" lon="9.3425924"><ele>397.2</ele></trkpt>
      <trkpt lat="41.9835384" lon="9.3422375"><ele>402.3</ele></trkpt>
      <trkpt lat="41.9834814" lon="9.3420428"><ele>405.1</ele></trkpt>
      <trkpt lat="41.9834270" lon="9.3418822"><ele>407.5</ele></trkpt>
      <trkpt lat="41.9833714" lon="9.3418304"><ele>408.7</ele></trkpt>
      <trkpt lat="41.9832968" lon="9.3414545"><ele>412.0</ele></trkpt>
      <trkpt lat="41.9831898" lon="9.3410588"><ele>414.1</ele></trkpt>
      <trkpt lat="41.9831786" lon="9.3409603"><ele>414.6</ele></trkpt>
      <trkpt lat="41.9832511" lon="9.3408825"><ele>414.9</ele></trkpt>
      <trkpt lat="41.9832472" lon="9.3408049"><ele>415.5</ele></trkpt>
      <trkpt lat="41.9832651" lon="9.3407297"><ele>416.0</ele></trkpt>
      <trkpt lat="41.9834525" lon="9.3401974"><ele>421.0</ele></trkpt>
      <trkpt lat="41.9836663" lon="9.3396951"><ele>427.2</ele></trkpt>
      <trkpt lat="41.9837052" lon="9.3395698"><ele>429.1</ele></trkpt>
      <trkpt lat="41.9837127" lon="9.3394893"><ele>430.7</ele></trkpt>
      <trkpt lat="41.9837127" lon="9.3393953"><ele>432.8</ele></trkpt>
      <trkpt lat="41.9837688" lon="9.3390588"><ele>438.4</ele></trkpt>
      <trkpt lat="41.9837538" lon="9.3389766"><ele>440.5</ele></trkpt>
      <trkpt lat="41.9838029" lon="9.3387128"><ele>444.5</ele></trkpt>
      <trkpt lat="41.9839094" lon="9.3382328"><ele>450.8</ele></trkpt>
      <trkpt lat="41.9839521" lon="9.3381086"><ele>452.0</ele></trkpt>
      <trkpt lat="41.9839664" lon="9.3380306"><ele>453.1</ele></trkpt>
      <trkpt lat="41.9838797" lon="9.3381083"><ele>453.6</ele></trkpt>
      <trkpt lat="41.9838427" lon="9.3380794"><ele>454.9</ele></trkpt>
      <trkpt lat="41.9838569" lon="9.3380498"><ele>455.1</ele></trkpt>
      <trkpt lat="41.9838888" lon="9.3379767"><ele>455.7</ele></trkpt>
      <trkpt lat="41.9840270" lon="9.3378150"><ele>455.6</ele></trkpt>
      <trkpt lat="41.9841388" lon="9.3377183"><ele>455.2</ele></trkpt>
      <trkpt lat="41.9844243" lon="9.3375325"><ele>453.7</ele></trkpt>
      <trkpt lat="41.9845047" lon="9.3374737"><ele>453.6</ele></trkpt>
      <trkpt lat="41.9845968" lon="9.3373728"><ele>454.6</ele></trkpt>
      <trkpt lat="41.9848376" lon="9.3371531"><ele>455.8</ele></trkpt>
      <trkpt lat="41.9848685" lon="9.3371249"><ele>456.1</ele></trkpt>
      <trkpt lat="41.9849729" lon="9.3370664"><ele>456.3</ele></trkpt>
      <trkpt lat="41.9851883" lon="9.3370793"><ele>453.9</ele></trkpt>
      <trkpt lat="41.9853649" lon="9.3370486"><ele>453.0</ele></trkpt>
      <trkpt lat="41.9854208" lon="9.3370389"><ele>452.7</ele></trkpt>
      <trkpt lat="41.9855634" lon="9.3370150"><ele>451.8</ele></trkpt>
      <trkpt lat="41.9857033" lon="9.3370193"><ele>450.5</ele></trkpt>
      <trkpt lat="41.9858761" lon="9.3369910"><ele>449.7</ele></trkpt>
      <trkpt lat="41.9859330" lon="9.3369603"><ele>449.7</ele></trkpt>
      <trkpt lat="41.9860830" lon="9.3368524"><ele>449.8</ele></trkpt>
      <trkpt lat="41.9861987" lon="9.3367051"><ele>449.9</ele></trkpt>
      <trkpt lat="41.9862011" lon="9.3367020"><ele>449.9</ele></trkpt>
      <trkpt lat="41.9862204" lon="9.3365973"><ele>449.8</ele></trkpt>
      <trkpt lat="41.9862016" lon="9.3365008"><ele>450.0</ele></trkpt>
      <trkpt lat="41.9861684" lon="9.3364705"><ele>450.3</ele></trkpt>
      <trkpt lat="41.9860703" lon="9.3364291"><ele>450.9</ele></trkpt>
      <trkpt lat="41.9858942" lon="9.3362483"><ele>450.8</ele></trkpt>
      <trkpt lat="41.9857688" lon="9.3361042"><ele>450.6</ele></trkpt>
      <trkpt lat="41.9856281" lon="9.3358882"><ele>449.2</ele></trkpt>
      <trkpt lat="41.9855705" lon="9.3358383"><ele>449.3</ele></trkpt>
      <trkpt lat="41.9854536" lon="9.3357406"><ele>449.6</ele></trkpt>
      <trkpt lat="41.9852946" lon="9.3356426"><ele>451.2</ele></trkpt>
      <trkpt lat="41.9850222" lon="9.3355003"><ele>454.6</ele></trkpt>
      <trkpt lat="41.9849716" lon="9.3354795"><ele>455.2</ele></trkpt>
      <trkpt lat="41.9847940" lon="9.3354065"><ele>457.0</ele></trkpt>
      <trkpt lat="41.9844942" lon="9.3352184"><ele>457.3</ele></trkpt>
      <trkpt lat="41.9843525" lon="9.3350906"><ele>455.5</ele></trkpt>
      <trkpt lat="41.9842279" lon="9.3350133"><ele>454.5</ele></trkpt>
      <trkpt lat="41.9839835" lon="9.3349676"><ele>454.9</ele></trkpt>
      <trkpt lat="41.9836980" lon="9.3349847"><ele>456.9</ele></trkpt>
      <trkpt lat="41.9833532" lon="9.3349441"><ele>457.6</ele></trkpt>
      <trkpt lat="41.9829452" lon="9.3347988"><ele>456.2</ele></trkpt>
      <trkpt lat="41.9826617" lon="9.3347295"><ele>457.3</ele></trkpt>
      <trkpt lat="41.9823711" lon="9.3347074"><ele>460.8</ele></trkpt>
      <trkpt lat="41.9818994" lon="9.3346776"><ele>465.3</ele></trkpt>
      <trkpt lat="41.9818244" lon="9.3346685"><ele>465.6</ele></trkpt>
      <trkpt lat="41.9817408" lon="9.3346671"><ele>466.0</ele></trkpt>
      <trkpt lat="41.9815651" lon="9.3346176"><ele>466.4</ele></trkpt>
      <trkpt lat="41.9811253" lon="9.3343537"><ele>469.1</ele></trkpt>
      <trkpt lat="41.9811140" lon="9.3342740"><ele>470.0</ele></trkpt>
      <trkpt lat="41.9810106" lon="9.3342145"><ele>471.1</ele></trkpt>
      <trkpt lat="41.9808351" lon="9.3341024"><ele>472.5</ele></trkpt>
      <trkpt lat="41.9804915" lon="9.3336968"><ele>475.4</ele></trkpt>
      <trkpt lat="41.9802391" lon="9.3333692"><ele>474.8</ele></trkpt>
      <trkpt lat="41.9801850" lon="9.3330657"><ele>474.0</ele></trkpt>
      <trkpt lat="41.9802190" lon="9.3327195"><ele>471.7</ele></trkpt>
      <trkpt lat="41.9802116" lon="9.3325227"><ele>469.3</ele></trkpt>
      <trkpt lat="41.9800433" lon="9.3323681"><ele>468.9</ele></trkpt>
      <trkpt lat="41.9798683" lon="9.3322657"><ele>469.7</ele></trkpt>
      <trkpt lat="41.9797830" lon="9.3321948"><ele>469.6</ele></trkpt>
      <trkpt lat="41.9795835" lon="9.3320483"><ele>470.2</ele></trkpt>
      <trkpt lat="41.9794385" lon="9.3318680"><ele>470.0</ele></trkpt>
      <trkpt lat="41.9792984" lon="9.3315564"><ele>469.2</ele></trkpt>
      <trkpt lat="41.9791537" lon="9.3312070"><ele>468.5</ele></trkpt>
      <trkpt lat="41.9790004" lon="9.3308637"><ele>467.3</ele></trkpt>
      <trkpt lat="41.9788379" lon="9.3305205"><ele>466.5</ele></trkpt>
      <trkpt lat="41.9787130" lon="9.3303202"><ele>466.3</ele></trkpt>
      <trkpt lat="41.9784456" lon="9.3300826"><ele>467.0</ele></trkpt>
      <trkpt lat="41.9782522" lon="9.3298388"><ele>468.1</ele></trkpt>
      <trkpt lat="41.9780743" lon="9.3294685"><ele>469.1</ele></trkpt>
      <trkpt lat="41.9778603" lon="9.3292194"><ele>472.7</ele></trkpt>
      <trkpt lat="41.9775967" lon="9.3289928"><ele>478.0</ele></trkpt>
      <trkpt lat="41.9773712" lon="9.3288155"><ele>483.0</ele></trkpt>
      <trkpt lat="41.9771328" lon="9.3286753"><ele>487.5</ele></trkpt>
      <trkpt lat="41.9769345" lon="9.3285230"><ele>490.7</ele></trkpt>
      <trkpt lat="41.9766975" lon="9.3283994"><ele>492.9</ele></trkpt>
      <trkpt lat="41.9764364" lon="9.3280859"><ele>494.6</ele></trkpt>
      <trkpt lat="41.9762225" lon="9.3278319"><ele>494.2</ele></trkpt>
      <trkpt lat="41.9760282" lon="9.3277128"><ele>494.4</ele></trkpt>
      <trkpt lat="41.9758919" lon="9.3275396"><ele>494.8</ele></trkpt>
      <trkpt lat="41.9756548" lon="9.3271649"><ele>493.8</ele></trkpt>
      <trkpt lat="41.9754929" lon="9.3267995"><ele>492.8</ele></trkpt>
      <trkpt lat="41.9752283" lon="9.3264187"><ele>494.0</ele></trkpt>
      <trkpt lat="41.9749695" lon="9.3259849"><ele>498.0</ele></trkpt>
      <trkpt lat="41.9747084" lon="9.3253728"><ele>502.2</ele></trkpt>
      <trkpt lat="41.9745497" lon="9.3250901"><ele>503.9</ele></trkpt>
      <trkpt lat="41.9742856" lon="9.3246805"><ele>507.2</ele></trkpt>
      <trkpt lat="41.9739433" lon="9.3242233"><ele>513.5</ele></trkpt>
      <trkpt lat="41.9737656" lon="9.3240181"><ele>516.9</ele></trkpt>
      <trkpt lat="41.9736945" lon="9.3238401"><ele>517.9</ele></trkpt>
      <trkpt lat="41.9735862" lon="9.3234250"><ele>517.2</ele></trkpt>
      <trkpt lat="41.9733866" lon="9.3230559"><ele>521.5</ele></trkpt>
      <trkpt lat="41.9730110" lon="9.3225476"><ele>528.2</ele></trkpt>
      <trkpt lat="41.9727291" lon="9.3222736"><ele>533.4</ele></trkpt>
      <trkpt lat="41.9726384" lon="9.3221618"><ele>534.6</ele></trkpt>
      <trkpt lat="41.9724484" lon="9.3216826"><ele>536.9</ele></trkpt>
      <trkpt lat="41.9724393" lon="9.3215512"><ele>537.4</ele></trkpt>
      <trkpt lat="41.9724453" lon="9.3213750"><ele>538.2</ele></trkpt>
      <trkpt lat="41.9724468" lon="9.3213319"><ele>538.3</ele></trkpt>
      <trkpt lat="41.9724111" lon="9.3211875"><ele>539.5</ele></trkpt>
      <trkpt lat="41.9723521" lon="9.3210912"><ele>540.8</ele></trkpt>
      <trkpt lat="41.9721694" lon="9.3205268"><ele>547.6</ele></trkpt>
      <trkpt lat="41.9720489" lon="9.3202153"><ele>551.8</ele></trkpt>
      <trkpt lat="41.9718353" lon="9.3198686"><ele>557.1</ele></trkpt>
      <trkpt lat="41.9717290" lon="9.3196057"><ele>561.2</ele></trkpt>
      <trkpt lat="41.9716852" lon="9.3194820"><ele>563.2</ele></trkpt>
      <trkpt lat="41.9716795" lon="9.3193413"><ele>565.0</ele></trkpt>
      <trkpt lat="41.9717279" lon="9.3192326"><ele>565.8</ele></trkpt>
      <trkpt lat="41.9717358" lon="9.3191049"><ele>567.2</ele></trkpt>
      <trkpt lat="41.9716793" lon="9.3189885"><ele>569.4</ele></trkpt>
      <trkpt lat="41.9713302" lon="9.3185178"><ele>581.7</ele></trkpt>
      <trkpt lat="41.9710946" lon="9.3181939"><ele>592.6</ele></trkpt>
      <trkpt lat="41.9708289" lon="9.3179688"><ele>601.9</ele></trkpt>
      <trkpt lat="41.9704975" lon="9.3178059"><ele>611.4</ele></trkpt>
      <trkpt lat="41.9699530" lon="9.3173433"><ele>626.5</ele></trkpt>
      <trkpt lat="41.9695775" lon="9.3171616"><ele>632.9</ele></trkpt>
      <trkpt lat="41.9693093" lon="9.3169797"><ele>637.4</ele></trkpt>
      <trkpt lat="41.9691323" lon="9.3169089"><ele>638.7</ele></trkpt>
      <trkpt lat="41.9690314" lon="9.3167993"><ele>639.9</ele></trkpt>
      <trkpt lat="41.9689127" lon="9.3162614"><ele>641.7</ele></trkpt>
      <trkpt lat="41.9686077" lon="9.3153182"><ele>638.7</ele></trkpt>
      <trkpt lat="41.9682177" lon="9.3145844"><ele>635.1</ele></trkpt>
      <trkpt lat="41.9679368" lon="9.3144051"><ele>635.3</ele></trkpt>
      <trkpt lat="41.9676821" lon="9.3142428"><ele>636.6</ele></trkpt>
      <trkpt lat="41.9670689" lon="9.3137348"><ele>643.3</ele></trkpt>
      <trkpt lat="41.9669249" lon="9.3136090"><ele>644.4</ele></trkpt>
      <trkpt lat="41.9667711" lon="9.3135169"><ele>646.0</ele></trkpt>
      <trkpt lat="41.9665386" lon="9.3133814"><ele>647.8</ele></trkpt>
      <trkpt lat="41.9663141" lon="9.3130851"><ele>647.7</ele></trkpt>
      <trkpt lat="41.9660575" lon="9.3129542"><ele>649.5</ele></trkpt>
      <trkpt lat="41.9658077" lon="9.3129663"><ele>652.8</ele></trkpt>
      <trkpt lat="41.9649484" lon="9.3126122"><ele>667.6</ele></trkpt>
      <trkpt lat="41.9646421" lon="9.3125692"><ele>673.1</ele></trkpt>
      <trkpt lat="41.9643348" lon="9.3125675"><ele>678.4</ele></trkpt>
      <trkpt lat="41.9639747" lon="9.3123780"><ele>683.7</ele></trkpt>
      <trkpt lat="41.9637764" lon="9.3124093"><ele>686.9</ele></trkpt>
      <trkpt lat="41.9634614" lon="9.3122860"><ele>690.3</ele></trkpt>
      <trkpt lat="41.9632380" lon="9.3121658"><ele>692.1</ele></trkpt>
      <trkpt lat="41.9629955" lon="9.3120972"><ele>695.6</ele></trkpt>
      <trkpt lat="41.9624176" lon="9.3119693"><ele>705.5</ele></trkpt>
      <trkpt lat="41.9617022" lon="9.3118242"><ele>717.2</ele></trkpt>
      <trkpt lat="41.9611319" lon="9.3116852"><ele>725.9</ele></trkpt>
      <trkpt lat="41.9608127" lon="9.3116852"><ele>729.3</ele></trkpt>
      <trkpt lat="41.9606532" lon="9.3117367"><ele>730.2</ele></trkpt>
      <trkpt lat="41.9603497" lon="9.3119446"><ele>729.0</ele></trkpt>
      <trkpt lat="41.9600757" lon="9.3120679"><ele>728.3</ele></trkpt>
      <trkpt lat="41.9598884" lon="9.3120454"><ele>728.9</ele></trkpt>
      <trkpt lat="41.9595786" lon="9.3118611"><ele>730.0</ele></trkpt>
      <trkpt lat="41.9592374" lon="9.3114617"><ele>726.7</ele></trkpt>
      <trkpt lat="41.9588475" lon="9.3113103"><ele>720.4</ele></trkpt>
      <trkpt lat="41.9585480" lon="9.3113625"><ele>720.2</ele></trkpt>
      <trkpt lat="41.9580374" lon="9.3116849"><ele>721.1</ele></trkpt>
      <trkpt lat="41.9575906" lon="9.3117879"><ele>721.7</ele></trkpt>
      <trkpt lat="41.9570290" lon="9.3117707"><ele>724.6</ele></trkpt>
      <trkpt lat="41.9564417" lon="9.3117223"><ele>729.6</ele></trkpt>
      <trkpt lat="41.9558992" lon="9.3115733"><ele>734.1</ele></trkpt>
      <trkpt lat="41.9555985" lon="9.3115657"><ele>734.3</ele></trkpt>
      <trkpt lat="41.9554205" lon="9.3116224"><ele>734.9</ele></trkpt>
      <trkpt lat="41.9552657" lon="9.3117057"><ele>736.3</ele></trkpt>
      <trkpt lat="41.9549894" lon="9.3117188"><ele>738.8</ele></trkpt>
      <trkpt lat="41.9546123" lon="9.3117874"><ele>743.6</ele></trkpt>
      <trkpt lat="41.9543364" lon="9.3118410"><ele>748.6</ele></trkpt>
      <trkpt lat="41.9541676" lon="9.3118271"><ele>751.1</ele></trkpt>
      <trkpt lat="41.9540306" lon="9.3117881"><ele>753.0</ele></trkpt>
      <trkpt lat="41.9538458" lon="9.3117703"><ele>756.4</ele></trkpt>
      <trkpt lat="41.9537927" lon="9.3117923"><ele>757.7</ele></trkpt>
      <trkpt lat="41.9537396" lon="9.3118412"><ele>759.3</ele></trkpt>
      <trkpt lat="41.9536338" lon="9.3119152"><ele>762.2</ele></trkpt>
      <trkpt lat="41.9535532" lon="9.3119298"><ele>764.1</ele></trkpt>
      <trkpt lat="41.9534149" lon="9.3119548"><ele>766.9</ele></trkpt>
      <trkpt lat="41.9532824" lon="9.3119065"><ele>769.3</ele></trkpt>
      <trkpt lat="41.9531489" lon="9.3118761"><ele>771.5</ele></trkpt>
      <trkpt lat="41.9530449" lon="9.3118099"><ele>773.1</ele></trkpt>
      <trkpt lat="41.9529622" lon="9.3117295"><ele>774.0</ele></trkpt>
      <trkpt lat="41.9529202" lon="9.3116025"><ele>774.3</ele></trkpt>
      <trkpt lat="41.9528019" lon="9.3113779"><ele>775.0</ele></trkpt>
      <trkpt lat="41.9526138" lon="9.3110168"><ele>774.8</ele></trkpt>
      <trkpt lat="41.9525111" lon="9.3108504"><ele>774.4</ele></trkpt>
      <trkpt lat="41.9523749" lon="9.3106912"><ele>774.6</ele></trkpt>
      <trkpt lat="41.9522291" lon="9.3104829"><ele>773.5</ele></trkpt>
      <trkpt lat="41.9521417" lon="9.3102657"><ele>772.6</ele></trkpt>
      <trkpt lat="41.9519443" lon="9.3098885"><ele>770.8</ele></trkpt>
      <trkpt lat="41.9518050" lon="9.3096238"><ele>769.7</ele></trkpt>
      <trkpt lat="41.9516412" lon="9.3093154"><ele>769.5</ele></trkpt>
      <trkpt lat="41.9515694" lon="9.3091014"><ele>770.2</ele></trkpt>
      <trkpt lat="41.9514353" lon="9.3088882"><ele>772.5</ele></trkpt>
      <trkpt lat="41.9513792" lon="9.3086402"><ele>774.3</ele></trkpt>
      <trkpt lat="41.9513298" lon="9.3085582"><ele>775.2</ele></trkpt>
      <trkpt lat="41.9512124" lon="9.3084241"><ele>777.1</ele></trkpt>
      <trkpt lat="41.9511103" lon="9.3082121"><ele>779.1</ele></trkpt>
      <trkpt lat="41.9509698" lon="9.3079696"><ele>782.2</ele></trkpt>
      <trkpt lat="41.9509155" lon="9.3077737"><ele>783.7</ele></trkpt>
      <trkpt lat="41.9507682" lon="9.3075827"><ele>786.6</ele></trkpt>
      <trkpt lat="41.9506368" lon="9.3073750"><ele>788.9</ele></trkpt>
      <trkpt lat="41.9504939" lon="9.3071995"><ele>790.6</ele></trkpt>
      <trkpt lat="41.9504035" lon="9.3070022"><ele>791.8</ele></trkpt>
      <trkpt lat="41.9503083" lon="9.3068652"><ele>793.2</ele></trkpt>
      <trkpt lat="41.9502917" lon="9.3068028"><ele>793.5</ele></trkpt>
      <trkpt lat="41.9502872" lon="9.3067283"><ele>794.0</ele></trkpt>
      <trkpt lat="41.9502540" lon="9.3065874"><ele>795.1</ele></trkpt>
      <trkpt lat="41.9501634" lon="9.3064142"><ele>797.0</ele></trkpt>
      <trkpt lat="41.9499740" lon="9.3061442"><ele>800.9</ele></trkpt>
      <trkpt lat="41.9498070" lon="9.3060098"><ele>804.0</ele></trkpt>
      <trkpt lat="41.9495826" lon="9.3059662"><ele>807.5</ele></trkpt>
      <trkpt lat="41.9494878" lon="9.3058901"><ele>810.1</ele></trkpt>
      <trkpt lat="41.9494305" lon="9.3057698"><ele>812.4</ele></trkpt>
      <trkpt lat="41.9493798" lon="9.3056238"><ele>814.8</ele></trkpt>
      <trkpt lat="41.9493258" lon="9.3055292"><ele>817.0</ele></trkpt>
      <trkpt lat="41.9492299" lon="9.3054577"><ele>819.8</ele></trkpt>
      <trkpt lat="41.9491978" lon="9.3054149"><ele>820.9</ele></trkpt>
      <trkpt lat="41.9491504" lon="9.3052090"><ele>823.7</ele></trkpt>
      <trkpt lat="41.9490242" lon="9.3049460"><ele>828.3</ele></trkpt>
      <trkpt lat="41.9489356" lon="9.3047512"><ele>831.6</ele></trkpt>
      <trkpt lat="41.9488093" lon="9.3046244"><ele>836.0</ele></trkpt>
      <trkpt lat="41.9486388" lon="9.3045168"><ele>841.5</ele></trkpt>
      <trkpt lat="41.9484666" lon="9.3042573"><ele>849.3</ele></trkpt>
      <trkpt lat="41.9484410" lon="9.3042020"><ele>850.8</ele></trkpt>
      <trkpt lat="41.9484352" lon="9.3040951"><ele>852.4</ele></trkpt>
      <trkpt lat="41.9483979" lon="9.3039543"><ele>855.9</ele></trkpt>
      <trkpt lat="41.9483315" lon="9.3038805"><ele>859.4</ele></trkpt>
      <trkpt lat="41.9482744" lon="9.3037515"><ele>863.8</ele></trkpt>
      <trkpt lat="41.9482649" lon="9.3035931"><ele>867.4</ele></trkpt>
      <trkpt lat="41.9481709" lon="9.3034467"><ele>873.5</ele></trkpt>
      <trkpt lat="41.9480651" lon="9.3033974"><ele>877.7</ele></trkpt>
      <trkpt lat="41.9479423" lon="9.3034347"><ele>879.7</ele></trkpt>
      <trkpt lat="41.9476150" lon="9.3032140"><ele>888.6</ele></trkpt>
      <trkpt lat="41.9475331" lon="9.3030686"><ele>892.6</ele></trkpt>
      <trkpt lat="41.9475056" lon="9.3029579"><ele>895.4</ele></trkpt>
      <trkpt lat="41.9473946" lon="9.3028265"><ele>898.8</ele></trkpt>
      <trkpt lat="41.9473413" lon="9.3026651"><ele>902.8</ele></trkpt>
      <trkpt lat="41.9471872" lon="9.3025360"><ele>905.7</ele></trkpt>
      <trkpt lat="41.9469607" lon="9.3021316"><ele>914.1</ele></trkpt>
      <trkpt lat="41.9468302" lon="9.3018176"><ele>919.9</ele></trkpt>
      <trkpt lat="41.9467498" lon="9.3017402"><ele>919.8</ele></trkpt>
      <trkpt lat="41.9467369" lon="9.3016026"><ele>922.7</ele></trkpt>
      <trkpt lat="41.9466652" lon="9.3013901"><ele>926.0</ele></trkpt>
      <trkpt lat="41.9465877" lon="9.3011340"><ele>929.8</ele></trkpt>
      <trkpt lat="41.9465630" lon="9.3010045"><ele>932.1</ele></trkpt>
      <trkpt lat="41.9465481" lon="9.3008500"><ele>935.3</ele></trkpt>
      <trkpt lat="41.9464736" lon="9.3007024"><ele>936.4</ele></trkpt>
      <trkpt lat="41.9463881" lon="9.3004879"><ele>938.8</ele></trkpt>
      <trkpt lat="41.9462280" lon="9.3001389"><ele>942.2</ele></trkpt>
      <trkpt lat="41.9459974" lon="9.2998948"><ele>942.2</ele></trkpt>
      <trkpt lat="41.9458519" lon="9.2995276"><ele>947.3</ele></trkpt>
      <trkpt lat="41.9457880" lon="9.2994134"><ele>948.0</ele></trkpt>
      <trkpt lat="41.9457443" lon="9.2993536"><ele>948.3</ele></trkpt>
      <trkpt lat="41.9457014" lon="9.2992056"><ele>949.0</ele></trkpt>
      <trkpt lat="41.9456281" lon="9.2990463"><ele>949.2</ele></trkpt>
      <trkpt lat="41.9455746" lon="9.2989599"><ele>948.2</ele></trkpt>
      <trkpt lat="41.9454954" lon="9.2989014"><ele>946.6</ele></trkpt>
      <trkpt lat="41.9454559" lon="9.2988580"><ele>945.6</ele></trkpt>
      <trkpt lat="41.9454824" lon="9.2988102"><ele>946.0</ele></trkpt>
      <trkpt lat="41.9455336" lon="9.2987919"><ele>947.0</ele></trkpt>
      <trkpt lat="41.9457483" lon="9.2987516"><ele>950.6</ele></trkpt>
      <trkpt lat="41.9458372" lon="9.2987533"><ele>951.9</ele></trkpt>
      <trkpt lat="41.9459118" lon="9.2987330"><ele>953.0</ele></trkpt>
      <trkpt lat="41.9459518" lon="9.2987301"><ele>953.7</ele></trkpt>
      <trkpt lat="41.9460127" lon="9.2986741"><ele>953.9</ele></trkpt>
      <trkpt lat="41.9461543" lon="9.2986441"><ele>955.3</ele></trkpt>
      <trkpt lat="41.9462020" lon="9.2985940"><ele>955.3</ele></trkpt>
      <trkpt lat="41.9463089" lon="9.2984957"><ele>955.9</ele></trkpt>
      <trkpt lat="41.9463930" lon="9.2984400"><ele>956.7</ele></trkpt>
      <trkpt lat="41.9466465" lon="9.2984070"><ele>962.3</ele></trkpt>
      <trkpt lat="41.9468230" lon="9.2983000"><ele>965.8</ele></trkpt>
      <trkpt lat="41.9469098" lon="9.2983060"><ele>968.2</ele></trkpt>
      <trkpt lat="41.9468967" lon="9.2983533"><ele>968.2</ele></trkpt>
      <trkpt lat="41.9470255" lon="9.2983450"><ele>971.7</ele></trkpt>
      <trkpt lat="41.9471580" lon="9.2982590"><ele>974.2</ele></trkpt>
      <trkpt lat="41.9472039" lon="9.2982062"><ele>974.8</ele></trkpt>
      <trkpt lat="41.9472815" lon="9.2981760"><ele>976.4</ele></trkpt>
      <trkpt lat="41.9473488" lon="9.2981731"><ele>977.8</ele></trkpt>
      <trkpt lat="41.9474686" lon="9.2981177"><ele>980.0</ele></trkpt>
      <trkpt lat="41.9475575" lon="9.2980779"><ele>981.7</ele></trkpt>
      <trkpt lat="41.9477324" lon="9.2978933"><ele>985.1</ele></trkpt>
      <trkpt lat="41.9478156" lon="9.2978887"><ele>986.5</ele></trkpt>
      <trkpt lat="41.9479236" lon="9.2978060"><ele>988.7</ele></trkpt>
      <trkpt lat="41.9480266" lon="9.2977863"><ele>990.2</ele></trkpt>
      <trkpt lat="41.9480545" lon="9.2974975"><ele>992.9</ele></trkpt>
      <trkpt lat="41.9481008" lon="9.2973323"><ele>994.1</ele></trkpt>
      <trkpt lat="41.9480500" lon="9.2972279"><ele>993.5</ele></trkpt>
      <trkpt lat="41.9481053" lon="9.2971479"><ele>994.6</ele></trkpt>
      <trkpt lat="41.9481403" lon="9.2970448"><ele>995.4</ele></trkpt>
      <trkpt lat="41.9482778" lon="9.2969172"><ele>998.4</ele></trkpt>
      <trkpt lat="41.9483274" lon="9.2968364"><ele>999.7</ele></trkpt>
      <trkpt lat="41.9483821" lon="9.2967268"><ele>1001.4</ele></trkpt>
      <trkpt lat="41.9485133" lon="9.2965812"><ele>1004.4</ele></trkpt>
      <trkpt lat="41.9485902" lon="9.2965279"><ele>1005.9</ele></trkpt>
      <trkpt lat="41.9486544" lon="9.2964415"><ele>1007.4</ele></trkpt>
      <trkpt lat="41.9487137" lon="9.2962679"><ele>1009.1</ele></trkpt>
      <trkpt lat="41.9489074" lon="9.2959283"><ele>1012.7</ele></trkpt>
      <trkpt lat="41.9489790" lon="9.2958363"><ele>1013.3</ele></trkpt>
      <trkpt lat="41.9490210" lon="9.2956039"><ele>1014.3</ele></trkpt>
      <trkpt lat="41.9490374" lon="9.2955040"><ele>1014.6</ele></trkpt>
      <trkpt lat="41.9491260" lon="9.2949400"><ele>1016.5</ele></trkpt>
      <trkpt lat="41.9491570" lon="9.2946580"><ele>1016.5</ele></trkpt>
      <trkpt lat="41.9491710" lon="9.2941820"><ele>1013.2</ele></trkpt>
      <trkpt lat="41.9491031" lon="9.2938993"><ele>1008.4</ele></trkpt>
      <trkpt lat="41.9490069" lon="9.2936079"><ele>1001.7</ele></trkpt>
      <trkpt lat="41.9489581" lon="9.2934327"><ele>997.3</ele></trkpt>
      <trkpt lat="41.9489761" lon="9.2933573"><ele>995.7</ele></trkpt>
      <trkpt lat="41.9489632" lon="9.2932618"><ele>993.4</ele></trkpt>
      <trkpt lat="41.9488959" lon="9.2931409"><ele>990.5</ele></trkpt>
      <trkpt lat="41.9488655" lon="9.2930689"><ele>989.1</ele></trkpt>
      <trkpt lat="41.9488019" lon="9.2929525"><ele>987.0</ele></trkpt>
      <trkpt lat="41.9487539" lon="9.2928967"><ele>986.2</ele></trkpt>
      <trkpt lat="41.9486890" lon="9.2927410"><ele>984.3</ele></trkpt>
      <trkpt lat="41.9486249" lon="9.2925789"><ele>982.9</ele></trkpt>
      <trkpt lat="41.9485635" lon="9.2924182"><ele>981.5</ele></trkpt>
      <trkpt lat="41.9484821" lon="9.2922955"><ele>980.5</ele></trkpt>
      <trkpt lat="41.9484037" lon="9.2922068"><ele>980.5</ele></trkpt>
      <trkpt lat="41.9483411" lon="9.2920361"><ele>978.3</ele></trkpt>
      <trkpt lat="41.9482919" lon="9.2919449"><ele>977.1</ele></trkpt>
      <trkpt lat="41.9482656" lon="9.2918739"><ele>976.1</ele></trkpt>
      <trkpt lat="41.9481784" lon="9.2917884"><ele>976.0</ele></trkpt>
      <trkpt lat="41.9481075" lon="9.2916624"><ele>973.3</ele></trkpt>
      <trkpt lat="41.9480183" lon="9.2915704"><ele>971.4</ele></trkpt>
      <trkpt lat="41.9479626" lon="9.2914813"><ele>969.7</ele></trkpt>
      <trkpt lat="41.9477853" lon="9.2914407"><ele>966.1</ele></trkpt>
      <trkpt lat="41.9477562" lon="9.2914013"><ele>964.7</ele></trkpt>
      <trkpt lat="41.9477478" lon="9.2913543"><ele>963.3</ele></trkpt>
      <trkpt lat="41.9477694" lon="9.2912565"><ele>961.2</ele></trkpt>
      <trkpt lat="41.9478299" lon="9.2911656"><ele>959.9</ele></trkpt>
      <trkpt lat="41.9478840" lon="9.2911583"><ele>960.6</ele></trkpt>
      <trkpt lat="41.9478992" lon="9.2911409"><ele>960.3</ele></trkpt>
      <trkpt lat="41.9478752" lon="9.2911085"><ele>959.0</ele></trkpt>
      <trkpt lat="41.9478001" lon="9.2910916"><ele>957.4</ele></trkpt>
      <trkpt lat="41.9478042" lon="9.2910677"><ele>956.8</ele></trkpt>
      <trkpt lat="41.9478525" lon="9.2910129"><ele>956.0</ele></trkpt>
      <trkpt lat="41.9481329" lon="9.2908884"><ele>952.6</ele></trkpt>
      <trkpt lat="41.9481212" lon="9.2908154"><ele>950.3</ele></trkpt>
      <trkpt lat="41.9479618" lon="9.2906592"><ele>946.9</ele></trkpt>
      <trkpt lat="41.9478969" lon="9.2906115"><ele>945.5</ele></trkpt>
      <trkpt lat="41.9479465" lon="9.2904630"><ele>940.7</ele></trkpt>
      <trkpt lat="41.9478375" lon="9.2902853"><ele>934.5</ele></trkpt>
      <trkpt lat="41.9478771" lon="9.2901708"><ele>930.5</ele></trkpt>
      <trkpt lat="41.9478726" lon="9.2900650"><ele>926.5</ele></trkpt>
      <trkpt lat="41.9477330" lon="9.2897084"><ele>914.7</ele></trkpt>
      <trkpt lat="41.9478946" lon="9.2894415"><ele>908.1</ele></trkpt>
      <trkpt lat="41.9477935" lon="9.2892924"><ele>905.4</ele></trkpt>
      <trkpt lat="41.9478100" lon="9.2891432"><ele>903.0</ele></trkpt>
      <trkpt lat="41.9477399" lon="9.2890184"><ele>901.7</ele></trkpt>
      <trkpt lat="41.9477062" lon="9.2888958"><ele>900.9</ele></trkpt>
      <trkpt lat="41.9477048" lon="9.2887669"><ele>900.3</ele></trkpt>
      <trkpt lat="41.9477023" lon="9.2887174"><ele>900.6</ele></trkpt>
      <trkpt lat="41.9478332" lon="9.2882581"><ele>902.5</ele></trkpt>
      <trkpt lat="41.9479240" lon="9.2880241"><ele>903.4</ele></trkpt>
      <trkpt lat="41.9481059" lon="9.2873804"><ele>909.4</ele></trkpt>
      <trkpt lat="41.9482680" lon="9.2868313"><ele>914.2</ele></trkpt>
      <trkpt lat="41.9484024" lon="9.2865852"><ele>912.8</ele></trkpt>
      <trkpt lat="41.9484916" lon="9.2861741"><ele>916.2</ele></trkpt>
      <trkpt lat="41.9486404" lon="9.2854705"><ele>919.9</ele></trkpt>
      <trkpt lat="41.9489199" lon="9.2849382"><ele>910.9</ele></trkpt>
      <trkpt lat="41.9491003" lon="9.2847271"><ele>903.0</ele></trkpt>
      <trkpt lat="41.9491060" lon="9.2845441"><ele>903.0</ele></trkpt>
      <trkpt lat="41.9491967" lon="9.2841131"><ele>896.2</ele></trkpt>
      <trkpt lat="41.9491708" lon="9.2839082"><ele>895.0</ele></trkpt>
      <trkpt lat="41.9491702" lon="9.2835633"><ele>888.7</ele></trkpt>
      <trkpt lat="41.9491570" lon="9.2834257"><ele>886.3</ele></trkpt>
      <trkpt lat="41.9489976" lon="9.2832421"><ele>889.6</ele></trkpt>
      <trkpt lat="41.9489254" lon="9.2832018"><ele>892.2</ele></trkpt>
      <trkpt lat="41.9488672" lon="9.2830789"><ele>892.3</ele></trkpt>
      <trkpt lat="41.9488782" lon="9.2829994"><ele>890.1</ele></trkpt>
      <trkpt lat="41.9487920" lon="9.2828936"><ele>892.2</ele></trkpt>
      <trkpt lat="41.9488153" lon="9.2828111"><ele>889.5</ele></trkpt>
      <trkpt lat="41.9487516" lon="9.2827900"><ele>892.3</ele></trkpt>
      <trkpt lat="41.9488858" lon="9.2823773"><ele>876.7</ele></trkpt>
      <trkpt lat="41.9489492" lon="9.2822719"><ele>871.0</ele></trkpt>
      <trkpt lat="41.9490125" lon="9.2823023"><ele>868.4</ele></trkpt>
      <trkpt lat="41.9490765" lon="9.2822447"><ele>864.4</ele></trkpt>
      <trkpt lat="41.9490490" lon="9.2820856"><ele>862.5</ele></trkpt>
      <trkpt lat="41.9489984" lon="9.2819829"><ele>862.9</ele></trkpt>
      <trkpt lat="41.9490527" lon="9.2818271"><ele>858.0</ele></trkpt>
      <trkpt lat="41.9490995" lon="9.2815875"><ele>852.8</ele></trkpt>
      <trkpt lat="41.9490616" lon="9.2813431"><ele>851.1</ele></trkpt>
      <trkpt lat="41.9488510" lon="9.2810133"><ele>856.7</ele></trkpt>
      <trkpt lat="41.9488220" lon="9.2807107"><ele>855.4</ele></trkpt>
      <trkpt lat="41.9487831" lon="9.2805929"><ele>856.2</ele></trkpt>
      <trkpt lat="41.9488168" lon="9.2804797"><ele>853.9</ele></trkpt>
      <trkpt lat="41.9488176" lon="9.2803809"><ele>853.2</ele></trkpt>
      <trkpt lat="41.9487444" lon="9.2801666"><ele>854.3</ele></trkpt>
      <trkpt lat="41.9486907" lon="9.2800559"><ele>855.5</ele></trkpt>
      <trkpt lat="41.9486438" lon="9.2800426"><ele>857.3</ele></trkpt>
      <trkpt lat="41.9484462" lon="9.2797945"><ele>863.2</ele></trkpt>
      <trkpt lat="41.9484551" lon="9.2797007"><ele>861.7</ele></trkpt>
      <trkpt lat="41.9484297" lon="9.2796235"><ele>861.9</ele></trkpt>
      <trkpt lat="41.9484256" lon="9.2794359"><ele>859.7</ele></trkpt>
      <trkpt lat="41.9483984" lon="9.2793682"><ele>860.0</ele></trkpt>
      <trkpt lat="41.9484077" lon="9.2793162"><ele>858.9</ele></trkpt>
      <trkpt lat="41.9483950" lon="9.2791969"><ele>857.8</ele></trkpt>
      <trkpt lat="41.9483529" lon="9.2791220"><ele>858.6</ele></trkpt>
      <trkpt lat="41.9482481" lon="9.2787220"><ele>858.2</ele></trkpt>
      <trkpt lat="41.9481044" lon="9.2785313"><ele>861.5</ele></trkpt>
      <trkpt lat="41.9480197" lon="9.2783410"><ele>862.6</ele></trkpt>
      <trkpt lat="41.9479327" lon="9.2781390"><ele>863.9</ele></trkpt>
      <trkpt lat="41.9478127" lon="9.2778424"><ele>865.7</ele></trkpt>
      <trkpt lat="41.9477356" lon="9.2776366"><ele>866.1</ele></trkpt>
      <trkpt lat="41.9477106" lon="9.2774506"><ele>865.6</ele></trkpt>
      <trkpt lat="41.9477075" lon="9.2772190"><ele>865.1</ele></trkpt>
      <trkpt lat="41.9478350" lon="9.2769100"><ele>867.1</ele></trkpt>
      <trkpt lat="41.9478667" lon="9.2769591"><ele>867.2</ele></trkpt>
      <trkpt lat="41.9479772" lon="9.2770117"><ele>867.6</ele></trkpt>
      <trkpt lat="41.9479987" lon="9.2770575"><ele>867.4</ele></trkpt>
      <trkpt lat="41.9479777" lon="9.2771753"><ele>866.6</ele></trkpt>
      <trkpt lat="41.9480001" lon="9.2773696"><ele>865.4</ele></trkpt>
      <trkpt lat="41.9480661" lon="9.2774402"><ele>864.6</ele></trkpt>
      <trkpt lat="41.9481164" lon="9.2772950"><ele>865.3</ele></trkpt>
      <trkpt lat="41.9481452" lon="9.2773025"><ele>865.0</ele></trkpt>
      <trkpt lat="41.9481909" lon="9.2774460"><ele>862.8</ele></trkpt>
      <trkpt lat="41.9482349" lon="9.2774197"><ele>862.6</ele></trkpt>
      <trkpt lat="41.9482602" lon="9.2773791"><ele>862.8</ele></trkpt>
      <trkpt lat="41.9483361" lon="9.2772925"><ele>862.8</ele></trkpt>
      <trkpt lat="41.9483635" lon="9.2772923"><ele>862.3</ele></trkpt>
      <trkpt lat="41.9484337" lon="9.2774393"><ele>858.5</ele></trkpt>
      <trkpt lat="41.9484940" lon="9.2776890"><ele>853.3</ele></trkpt>
      <trkpt lat="41.9485417" lon="9.2777433"><ele>851.3</ele></trkpt>
      <trkpt lat="41.9486292" lon="9.2776545"><ele>850.3</ele></trkpt>
      <trkpt lat="41.9487184" lon="9.2776092"><ele>848.9</ele></trkpt>
      <trkpt lat="41.9487272" lon="9.2775343"><ele>850.2</ele></trkpt>
      <trkpt lat="41.9488489" lon="9.2775795"><ele>846.3</ele></trkpt>
      <trkpt lat="41.9490296" lon="9.2775779"><ele>842.1</ele></trkpt>
      <trkpt lat="41.9491042" lon="9.2776041"><ele>839.9</ele></trkpt>
      <trkpt lat="41.9491475" lon="9.2776857"><ele>837.2</ele></trkpt>
      <trkpt lat="41.9493146" lon="9.2777672"><ele>832.4</ele></trkpt>
      <trkpt lat="41.9494789" lon="9.2778290"><ele>828.3</ele></trkpt>
      <trkpt lat="41.9496502" lon="9.2778300"><ele>825.3</ele></trkpt>
      <trkpt lat="41.9498264" lon="9.2778576"><ele>821.9</ele></trkpt>
      <trkpt lat="41.9500019" lon="9.2778519"><ele>819.4</ele></trkpt>
      <trkpt lat="41.9505390" lon="9.2779319"><ele>808.7</ele></trkpt>
      <trkpt lat="41.9506652" lon="9.2778934"><ele>807.5</ele></trkpt>
      <trkpt lat="41.9508288" lon="9.2780467"><ele>801.1</ele></trkpt>
      <trkpt lat="41.9509552" lon="9.2780130"><ele>799.9</ele></trkpt>
      <trkpt lat="41.9510733" lon="9.2777893"><ele>804.3</ele></trkpt>
      <trkpt lat="41.9511860" lon="9.2778035"><ele>802.6</ele></trkpt>
      <trkpt lat="41.9512724" lon="9.2777874"><ele>802.2</ele></trkpt>
      <trkpt lat="41.9514654" lon="9.2778171"><ele>799.6</ele></trkpt>
      <trkpt lat="41.9515759" lon="9.2777902"><ele>800.8</ele></trkpt>
      <trkpt lat="41.9517068" lon="9.2777516"><ele>802.6</ele></trkpt>
      <trkpt lat="41.9520123" lon="9.2779341"><ele>797.9</ele></trkpt>
      <trkpt lat="41.9522103" lon="9.2779647"><ele>798.6</ele></trkpt>
      <trkpt lat="41.9523953" lon="9.2779697"><ele>800.1</ele></trkpt>
      <trkpt lat="41.9525630" lon="9.2780120"><ele>799.4</ele></trkpt>
      <trkpt lat="41.9528273" lon="9.2780523"><ele>798.0</ele></trkpt>
      <trkpt lat="41.9530617" lon="9.2781105"><ele>793.9</ele></trkpt>
      <trkpt lat="41.9532369" lon="9.2781759"><ele>788.8</ele></trkpt>
      <trkpt lat="41.9534092" lon="9.2781582"><ele>787.1</ele></trkpt>
      <trkpt lat="41.9535602" lon="9.2781171"><ele>787.1</ele></trkpt>
      <trkpt lat="41.9536627" lon="9.2780408"><ele>789.1</ele></trkpt>
      <trkpt lat="41.9540532" lon="9.2781936"><ele>781.6</ele></trkpt>
      <trkpt lat="41.9550615" lon="9.2782840"><ele>783.6</ele></trkpt>
      <trkpt lat="41.9555088" lon="9.2781181"><ele>785.6</ele></trkpt>
      <trkpt lat="41.9557966" lon="9.2777484"><ele>783.9</ele></trkpt>
      <trkpt lat="41.9558750" lon="9.2775275"><ele>783.2</ele></trkpt>
      <trkpt lat="41.9563008" lon="9.2775300"><ele>774.0</ele></trkpt>
      <trkpt lat="41.9566511" lon="9.2772892"><ele>762.4</ele></trkpt>
      <trkpt lat="41.9567600" lon="9.2770633"><ele>758.5</ele></trkpt>
      <trkpt lat="41.9569005" lon="9.2769868"><ele>754.4</ele></trkpt>
      <trkpt lat="41.9573341" lon="9.2771702"><ele>744.7</ele></trkpt>
      <trkpt lat="41.9578076" lon="9.2770853"><ele>741.3</ele></trkpt>
      <trkpt lat="41.9580737" lon="9.2770742"><ele>740.6</ele></trkpt>
      <trkpt lat="41.9582619" lon="9.2772572"><ele>740.2</ele></trkpt>
      <trkpt lat="41.9584844" lon="9.2772327"><ele>744.7</ele></trkpt>
      <trkpt lat="41.9586157" lon="9.2772825"><ele>747.5</ele></trkpt>
      <trkpt lat="41.9589303" lon="9.2775967"><ele>752.6</ele></trkpt>
      <trkpt lat="41.9590645" lon="9.2777521"><ele>754.0</ele></trkpt>
      <trkpt lat="41.9593570" lon="9.2780391"><ele>755.8</ele></trkpt>
      <trkpt lat="41.9595669" lon="9.2781102"><ele>758.9</ele></trkpt>
      <trkpt lat="41.9598225" lon="9.2780695"><ele>763.5</ele></trkpt>
      <trkpt lat="41.9602091" lon="9.2781033"><ele>760.7</ele></trkpt>
      <trkpt lat="41.9604806" lon="9.2781384"><ele>757.2</ele></trkpt>
      <trkpt lat="41.9606789" lon="9.2780481"><ele>759.3</ele></trkpt>
      <trkpt lat="41.9607898" lon="9.2780793"><ele>758.3</ele></trkpt>
      <trkpt lat="41.9610083" lon="9.2780940"><ele>757.7</ele></trkpt>
      <trkpt lat="41.9611297" lon="9.2781973"><ele>755.0</ele></trkpt>
      <trkpt lat="41.9613331" lon="9.2780923"><ele>758.0</ele></trkpt>
      <trkpt lat="41.9615610" lon="9.2780379"><ele>759.5</ele></trkpt>
      <trkpt lat="41.9618115" lon="9.2778579"><ele>762.9</ele></trkpt>
      <trkpt lat="41.9619395" lon="9.2777624"><ele>763.9</ele></trkpt>
      <trkpt lat="41.9622877" lon="9.2776664"><ele>762.5</ele></trkpt>
      <trkpt lat="41.9627818" lon="9.2774259"><ele>756.8</ele></trkpt>
      <trkpt lat="41.9630021" lon="9.2772535"><ele>752.2</ele></trkpt>
      <trkpt lat="41.9633044" lon="9.2768076"><ele>745.0</ele></trkpt>
      <trkpt lat="41.9634124" lon="9.2767758"><ele>741.6</ele></trkpt>
      <trkpt lat="41.9635204" lon="9.2766600"><ele>738.2</ele></trkpt>
      <trkpt lat="41.9636658" lon="9.2766278"><ele>733.5</ele></trkpt>
      <trkpt lat="41.9637679" lon="9.2765808"><ele>730.4</ele></trkpt>
      <trkpt lat="41.9644240" lon="9.2765596"><ele>717.2</ele></trkpt>
      <trkpt lat="41.9645453" lon="9.2765887"><ele>716.4</ele></trkpt>
      <trkpt lat="41.9645251" lon="9.2762455"><ele>717.6</ele></trkpt>
      <trkpt lat="41.9645797" lon="9.2759987"><ele>717.9</ele></trkpt>
      <trkpt lat="41.9646639" lon="9.2757785"><ele>717.2</ele></trkpt>
      <trkpt lat="41.9646796" lon="9.2755938"><ele>717.3</ele></trkpt>
      <trkpt lat="41.9646186" lon="9.2753324"><ele>718.6</ele></trkpt>
      <trkpt lat="41.9645862" lon="9.2748378"><ele>719.7</ele></trkpt>
      <trkpt lat="41.9645856" lon="9.2748115"><ele>719.7</ele></trkpt>
      <trkpt lat="41.9645761" lon="9.2743799"><ele>717.1</ele></trkpt>
      <trkpt lat="41.9646185" lon="9.2737157"><ele>705.4</ele></trkpt>
      <trkpt lat="41.9644024" lon="9.2731181"><ele>694.3</ele></trkpt>
      <trkpt lat="41.9642389" lon="9.2728216"><ele>690.9</ele></trkpt>
      <trkpt lat="41.9640971" lon="9.2726316"><ele>690.8</ele></trkpt>
      <trkpt lat="41.9639676" lon="9.2723681"><ele>690.3</ele></trkpt>
      <trkpt lat="41.9639862" lon="9.2720047"><ele>684.0</ele></trkpt>
      <trkpt lat="41.9639449" lon="9.2715538"><ele>678.9</ele></trkpt>
      <trkpt lat="41.9637876" lon="9.2711691"><ele>678.8</ele></trkpt>
      <trkpt lat="41.9637895" lon="9.2710739"><ele>677.4</ele></trkpt>
      <trkpt lat="41.9636648" lon="9.2707187"><ele>676.5</ele></trkpt>
      <trkpt lat="41.9636417" lon="9.2706338"><ele>676.0</ele></trkpt>
      <trkpt lat="41.9636176" lon="9.2705644"><ele>675.8</ele></trkpt>
      <trkpt lat="41.9635399" lon="9.2703401"><ele>674.6</ele></trkpt>
      <trkpt lat="41.9634883" lon="9.2702311"><ele>674.4</ele></trkpt>
      <trkpt lat="41.9633679" lon="9.2697296"><ele>668.0</ele></trkpt>
      <trkpt lat="41.9633166" lon="9.2695233"><ele>664.5</ele></trkpt>
      <trkpt lat="41.9632029" lon="9.2693482"><ele>663.5</ele></trkpt>
      <trkpt lat="41.9632273" lon="9.2692828"><ele>661.0</ele></trkpt>
      <trkpt lat="41.9632007" lon="9.2689725"><ele>653.3</ele></trkpt>
      <trkpt lat="41.9631392" lon="9.2687804"><ele>649.8</ele></trkpt>
      <trkpt lat="41.9630949" lon="9.2687287"><ele>649.6</ele></trkpt>
      <trkpt lat="41.9630453" lon="9.2685509"><ele>646.2</ele></trkpt>
      <trkpt lat="41.9629982" lon="9.2683235"><ele>641.5</ele></trkpt>
      <trkpt lat="41.9628568" lon="9.2681618"><ele>641.7</ele></trkpt>
      <trkpt lat="41.9627604" lon="9.2679711"><ele>639.7</ele></trkpt>
      <trkpt lat="41.9627867" lon="9.2678807"><ele>636.7</ele></trkpt>
      <trkpt lat="41.9628306" lon="9.2678483"><ele>634.6</ele></trkpt>
      <trkpt lat="41.9628440" lon="9.2677741"><ele>632.5</ele></trkpt>
      <trkpt lat="41.9628142" lon="9.2676761"><ele>631.1</ele></trkpt>
      <trkpt lat="41.9628767" lon="9.2676247"><ele>628.2</ele></trkpt>
      <trkpt lat="41.9628928" lon="9.2675304"><ele>625.7</ele></trkpt>
      <trkpt lat="41.9629421" lon="9.2674506"><ele>622.4</ele></trkpt>
      <trkpt lat="41.9629343" lon="9.2673079"><ele>619.8</ele></trkpt>
      <trkpt lat="41.9629549" lon="9.2672103"><ele>617.1</ele></trkpt>
      <trkpt lat="41.9629827" lon="9.2670982"><ele>613.8</ele></trkpt>
      <trkpt lat="41.9630160" lon="9.2669832"><ele>610.4</ele></trkpt>
      <trkpt lat="41.9629294" lon="9.2669298"><ele>612.7</ele></trkpt>
      <trkpt lat="41.9629523" lon="9.2668747"><ele>611.0</ele></trkpt>
      <trkpt lat="41.9629338" lon="9.2668112"><ele>610.6</ele></trkpt>
      <trkpt lat="41.9628953" lon="9.2668050"><ele>611.8</ele></trkpt>
      <trkpt lat="41.9629198" lon="9.2666994"><ele>609.2</ele></trkpt>
      <trkpt lat="41.9628569" lon="9.2666223"><ele>610.0</ele></trkpt>
      <trkpt lat="41.9628217" lon="9.2665683"><ele>610.3</ele></trkpt>
      <trkpt lat="41.9627864" lon="9.2663711"><ele>608.5</ele></trkpt>
      <trkpt lat="41.9627799" lon="9.2661359"><ele>605.8</ele></trkpt>
      <trkpt lat="41.9628164" lon="9.2659134"><ele>602.2</ele></trkpt>
      <trkpt lat="41.9628723" lon="9.2657826"><ele>598.9</ele></trkpt>
      <trkpt lat="41.9629054" lon="9.2656194"><ele>596.0</ele></trkpt>
      <trkpt lat="41.9629169" lon="9.2655355"><ele>594.8</ele></trkpt>
      <trkpt lat="41.9629476" lon="9.2654642"><ele>593.0</ele></trkpt>
      <trkpt lat="41.9629685" lon="9.2653384"><ele>591.1</ele></trkpt>
      <trkpt lat="41.9629871" lon="9.2650341"><ele>588.1</ele></trkpt>
      <trkpt lat="41.9628827" lon="9.2648397"><ele>589.8</ele></trkpt>
      <trkpt lat="41.9628249" lon="9.2647183"><ele>590.5</ele></trkpt>
      <trkpt lat="41.9627701" lon="9.2646464"><ele>591.5</ele></trkpt>
      <trkpt lat="41.9627413" lon="9.2646199"><ele>592.1</ele></trkpt>
      <trkpt lat="41.9627065" lon="9.2644955"><ele>592.0</ele></trkpt>
      <trkpt lat="41.9626832" lon="9.2643302"><ele>591.2</ele></trkpt>
      <trkpt lat="41.9626838" lon="9.2642416"><ele>590.3</ele></trkpt>
      <trkpt lat="41.9628013" lon="9.2640217"><ele>584.5</ele></trkpt>
      <trkpt lat="41.9629060" lon="9.2637846"><ele>579.3</ele></trkpt>
      <trkpt lat="41.9629454" lon="9.2636103"><ele>576.4</ele></trkpt>
      <trkpt lat="41.9629497" lon="9.2634124"><ele>573.8</ele></trkpt>
      <trkpt lat="41.9629395" lon="9.2632686"><ele>572.2</ele></trkpt>
      <trkpt lat="41.9628674" lon="9.2631584"><ele>572.2</ele></trkpt>
      <trkpt lat="41.9627780" lon="9.2629916"><ele>571.7</ele></trkpt>
      <trkpt lat="41.9626288" lon="9.2627204"><ele>569.6</ele></trkpt>
      <trkpt lat="41.9625548" lon="9.2625365"><ele>567.3</ele></trkpt>
      <trkpt lat="41.9625770" lon="9.2624565"><ele>565.1</ele></trkpt>
      <trkpt lat="41.9626467" lon="9.2624662"><ele>563.6</ele></trkpt>
      <trkpt lat="41.9626650" lon="9.2623771"><ele>561.3</ele></trkpt>
      <trkpt lat="41.9626485" lon="9.2622152"><ele>558.3</ele></trkpt>
      <trkpt lat="41.9626778" lon="9.2621322"><ele>556.1</ele></trkpt>
      <trkpt lat="41.9626703" lon="9.2620331"><ele>554.5</ele></trkpt>
      <trkpt lat="41.9627236" lon="9.2617767"><ele>548.7</ele></trkpt>
      <trkpt lat="41.9627616" lon="9.2617077"><ele>546.4</ele></trkpt>
      <trkpt lat="41.9627255" lon="9.2614016"><ele>542.8</ele></trkpt>
      <trkpt lat="41.9627716" lon="9.2612444"><ele>539.8</ele></trkpt>
      <trkpt lat="41.9627794" lon="9.2611039"><ele>538.1</ele></trkpt>
      <trkpt lat="41.9627458" lon="9.2607592"><ele>536.1</ele></trkpt>
      <trkpt lat="41.9626964" lon="9.2606205"><ele>536.4</ele></trkpt>
      <trkpt lat="41.9627449" lon="9.2605063"><ele>535.9</ele></trkpt>
      <trkpt lat="41.9627449" lon="9.2604454"><ele>536.0</ele></trkpt>
      <trkpt lat="41.9626680" lon="9.2604373"><ele>536.6</ele></trkpt>
      <trkpt lat="41.9625464" lon="9.2603311"><ele>537.8</ele></trkpt>
      <trkpt lat="41.9625005" lon="9.2601798"><ele>538.3</ele></trkpt>
      <trkpt lat="41.9624852" lon="9.2601294"><ele>538.4</ele></trkpt>
      <trkpt lat="41.9623724" lon="9.2601178"><ele>539.0</ele></trkpt>
      <trkpt lat="41.9622104" lon="9.2601077"><ele>541.2</ele></trkpt>
      <trkpt lat="41.9621263" lon="9.2601239"><ele>542.7</ele></trkpt>
      <trkpt lat="41.9620608" lon="9.2599608"><ele>542.8</ele></trkpt>
      <trkpt lat="41.9620144" lon="9.2598748"><ele>543.1</ele></trkpt>
      <trkpt lat="41.9620744" lon="9.2598531"><ele>542.1</ele></trkpt>
      <trkpt lat="41.9621033" lon="9.2597949"><ele>541.4</ele></trkpt>
      <trkpt lat="41.9621332" lon="9.2597310"><ele>541.0</ele></trkpt>
      <trkpt lat="41.9621719" lon="9.2595975"><ele>540.8</ele></trkpt>
      <trkpt lat="41.9622202" lon="9.2595944"><ele>540.9</ele></trkpt>
      <trkpt lat="41.9623442" lon="9.2594865"><ele>542.0</ele></trkpt>
      <trkpt lat="41.9624120" lon="9.2594260"><ele>543.2</ele></trkpt>
      <trkpt lat="41.9625135" lon="9.2594223"><ele>544.0</ele></trkpt>
      <trkpt lat="41.9626168" lon="9.2594881"><ele>543.5</ele></trkpt>
      <trkpt lat="41.9627470" lon="9.2596033"><ele>543.4</ele></trkpt>
      <!-- Etape 2 : Catastaghju - Cozzano -->
      <trkpt lat="41.9628210" lon="9.2595172"><ele>545.6</ele></trkpt>
      <trkpt lat="41.9626981" lon="9.2593924"><ele>546.6</ele></trkpt>
      <trkpt lat="41.9620690" lon="9.2587817"><ele>551.1</ele></trkpt>
      <trkpt lat="41.9617673" lon="9.2584674"><ele>556.0</ele></trkpt>
      <trkpt lat="41.9617578" lon="9.2583981"><ele>557.5</ele></trkpt>
      <trkpt lat="41.9617847" lon="9.2583289"><ele>559.4</ele></trkpt>
      <trkpt lat="41.9617954" lon="9.2582436"><ele>562.1</ele></trkpt>
      <trkpt lat="41.9617838" lon="9.2581058"><ele>567.2</ele></trkpt>
      <trkpt lat="41.9617420" lon="9.2580158"><ele>569.7</ele></trkpt>
      <trkpt lat="41.9609565" lon="9.2571891"><ele>580.6</ele></trkpt>
      <trkpt lat="41.9603023" lon="9.2566343"><ele>580.0</ele></trkpt>
      <trkpt lat="41.9600881" lon="9.2564098"><ele>581.1</ele></trkpt>
      <trkpt lat="41.9602635" lon="9.2560855"><ele>586.4</ele></trkpt>
      <trkpt lat="41.9604133" lon="9.2559849"><ele>589.2</ele></trkpt>
      <trkpt lat="41.9608252" lon="9.2560636"><ele>598.1</ele></trkpt>
      <trkpt lat="41.9609936" lon="9.2558507"><ele>606.2</ele></trkpt>
      <trkpt lat="41.9612365" lon="9.2553072"><ele>632.6</ele></trkpt>
      <trkpt lat="41.9613440" lon="9.2547077"><ele>641.3</ele></trkpt>
      <trkpt lat="41.9612409" lon="9.2545210"><ele>633.1</ele></trkpt>
      <trkpt lat="41.9612844" lon="9.2543868"><ele>634.6</ele></trkpt>
      <trkpt lat="41.9616267" lon="9.2542181"><ele>648.8</ele></trkpt>
      <trkpt lat="41.9619656" lon="9.2541943"><ele>666.9</ele></trkpt>
      <trkpt lat="41.9621956" lon="9.2538281"><ele>676.7</ele></trkpt>
      <trkpt lat="41.9623028" lon="9.2534064"><ele>684.9</ele></trkpt>
      <trkpt lat="41.9622819" lon="9.2529030"><ele>691.8</ele></trkpt>
      <trkpt lat="41.9620096" lon="9.2523144"><ele>694.7</ele></trkpt>
      <trkpt lat="41.9617907" lon="9.2520774"><ele>695.1</ele></trkpt>
      <trkpt lat="41.9617742" lon="9.2519801"><ele>697.3</ele></trkpt>
      <trkpt lat="41.9618079" lon="9.2518749"><ele>700.8</ele></trkpt>
      <trkpt lat="41.9619078" lon="9.2515825"><ele>711.6</ele></trkpt>
      <trkpt lat="41.9619564" lon="9.2514222"><ele>717.1</ele></trkpt>
      <trkpt lat="41.9619720" lon="9.2513582"><ele>719.2</ele></trkpt>
      <trkpt lat="41.9621008" lon="9.2511527"><ele>728.1</ele></trkpt>
      <trkpt lat="41.9621205" lon="9.2514147"><ele>722.6</ele></trkpt>
      <trkpt lat="41.9623403" lon="9.2511735"><ele>738.3</ele></trkpt>
      <trkpt lat="41.9623871" lon="9.2515395"><ele>733.5</ele></trkpt>
      <trkpt lat="41.9624858" lon="9.2515218"><ele>740.0</ele></trkpt>
      <trkpt lat="41.9625899" lon="9.2517092"><ele>742.8</ele></trkpt>
      <trkpt lat="41.9626824" lon="9.2516974"><ele>748.9</ele></trkpt>
      <trkpt lat="41.9627673" lon="9.2513204"><ele>761.1</ele></trkpt>
      <trkpt lat="41.9630055" lon="9.2507896"><ele>786.4</ele></trkpt>
      <trkpt lat="41.9629900" lon="9.2503435"><ele>795.7</ele></trkpt>
      <trkpt lat="41.9627778" lon="9.2499063"><ele>793.4</ele></trkpt>
      <trkpt lat="41.9625298" lon="9.2496607"><ele>786.0</ele></trkpt>
      <trkpt lat="41.9622574" lon="9.2494462"><ele>780.9</ele></trkpt>
      <trkpt lat="41.9621935" lon="9.2492621"><ele>784.1</ele></trkpt>
      <trkpt lat="41.9622811" lon="9.2490619"><ele>791.2</ele></trkpt>
      <trkpt lat="41.9627963" lon="9.2486867"><ele>813.5</ele></trkpt>
      <trkpt lat="41.9630963" lon="9.2483468"><ele>821.7</ele></trkpt>
      <trkpt lat="41.9632813" lon="9.2479914"><ele>823.1</ele></trkpt>
      <trkpt lat="41.9636434" lon="9.2475710"><ele>830.0</ele></trkpt>
      <trkpt lat="41.9643218" lon="9.2471305"><ele>855.5</ele></trkpt>
      <trkpt lat="41.9650072" lon="9.2464762"><ele>868.7</ele></trkpt>
      <trkpt lat="41.9663490" lon="9.2457867"><ele>893.3</ele></trkpt>
      <trkpt lat="41.9667738" lon="9.2454713"><ele>904.0</ele></trkpt>
      <trkpt lat="41.9669810" lon="9.2453199"><ele>910.6</ele></trkpt>
      <trkpt lat="41.9670110" lon="9.2452980"><ele>911.5</ele></trkpt>
      <trkpt lat="41.9670592" lon="9.2450187"><ele>914.0</ele></trkpt>
      <trkpt lat="41.9674439" lon="9.2444707"><ele>928.0</ele></trkpt>
      <trkpt lat="41.9677828" lon="9.2440375"><ele>947.9</ele></trkpt>
      <trkpt lat="41.9677919" lon="9.2439371"><ele>948.2</ele></trkpt>
      <trkpt lat="41.9678022" lon="9.2437033"><ele>949.0</ele></trkpt>
      <trkpt lat="41.9678198" lon="9.2434643"><ele>951.0</ele></trkpt>
      <trkpt lat="41.9677834" lon="9.2432924"><ele>949.5</ele></trkpt>
      <trkpt lat="41.9677086" lon="9.2431023"><ele>945.8</ele></trkpt>
      <trkpt lat="41.9676212" lon="9.2430315"><ele>941.2</ele></trkpt>
      <trkpt lat="41.9674983" lon="9.2430565"><ele>933.3</ele></trkpt>
      <trkpt lat="41.9672866" lon="9.2432278"><ele>934.0</ele></trkpt>
      <trkpt lat="41.9670678" lon="9.2433556"><ele>936.2</ele></trkpt>
      <trkpt lat="41.9668411" lon="9.2433637"><ele>936.5</ele></trkpt>
      <trkpt lat="41.9666142" lon="9.2431885"><ele>939.2</ele></trkpt>
      <trkpt lat="41.9656510" lon="9.2421962"><ele>957.5</ele></trkpt>
      <trkpt lat="41.9653842" lon="9.2420405"><ele>962.9</ele></trkpt>
      <trkpt lat="41.9648994" lon="9.2415735"><ele>975.8</ele></trkpt>
      <trkpt lat="41.9647389" lon="9.2414610"><ele>978.6</ele></trkpt>
      <trkpt lat="41.9646256" lon="9.2414185"><ele>980.0</ele></trkpt>
      <trkpt lat="41.9645403" lon="9.2415109"><ele>979.7</ele></trkpt>
      <trkpt lat="41.9643720" lon="9.2414200"><ele>983.4</ele></trkpt>
      <trkpt lat="41.9641140" lon="9.2411302"><ele>990.1</ele></trkpt>
      <trkpt lat="41.9638223" lon="9.2408312"><ele>995.6</ele></trkpt>
      <trkpt lat="41.9635763" lon="9.2406777"><ele>999.9</ele></trkpt>
      <trkpt lat="41.9635259" lon="9.2405519"><ele>1000.6</ele></trkpt>
      <trkpt lat="41.9632752" lon="9.2405546"><ele>1013.1</ele></trkpt>
      <trkpt lat="41.9630152" lon="9.2403831"><ele>1024.6</ele></trkpt>
      <trkpt lat="41.9629721" lon="9.2402712"><ele>1026.3</ele></trkpt>
      <trkpt lat="41.9626412" lon="9.2401866"><ele>1037.6</ele></trkpt>
      <trkpt lat="41.9623972" lon="9.2399862"><ele>1044.3</ele></trkpt>
      <trkpt lat="41.9621695" lon="9.2396987"><ele>1049.9</ele></trkpt>
      <trkpt lat="41.9617734" lon="9.2392249"><ele>1061.5</ele></trkpt>
      <trkpt lat="41.9615377" lon="9.2390664"><ele>1071.2</ele></trkpt>
      <trkpt lat="41.9615437" lon="9.2389236"><ele>1070.9</ele></trkpt>
      <trkpt lat="41.9615527" lon="9.2387083"><ele>1071.0</ele></trkpt>
      <trkpt lat="41.9617468" lon="9.2382653"><ele>1070.2</ele></trkpt>
      <trkpt lat="41.9617043" lon="9.2381827"><ele>1073.7</ele></trkpt>
      <trkpt lat="41.9611863" lon="9.2383020"><ele>1093.9</ele></trkpt>
      <trkpt lat="41.9610664" lon="9.2383431"><ele>1099.6</ele></trkpt>
      <trkpt lat="41.9610010" lon="9.2384130"><ele>1102.3</ele></trkpt>
      <trkpt lat="41.9609709" lon="9.2384488"><ele>1103.5</ele></trkpt>
      <trkpt lat="41.9609445" lon="9.2385261"><ele>1104.8</ele></trkpt>
      <trkpt lat="41.9609917" lon="9.2386623"><ele>1101.4</ele></trkpt>
      <trkpt lat="41.9610059" lon="9.2390386"><ele>1102.0</ele></trkpt>
      <trkpt lat="41.9609487" lon="9.2392952"><ele>1108.1</ele></trkpt>
      <trkpt lat="41.9609452" lon="9.2395689"><ele>1111.1</ele></trkpt>
      <trkpt lat="41.9608879" lon="9.2397866"><ele>1116.9</ele></trkpt>
      <trkpt lat="41.9607746" lon="9.2397567"><ele>1122.3</ele></trkpt>
      <trkpt lat="41.9607172" lon="9.2396483"><ele>1124.3</ele></trkpt>
      <trkpt lat="41.9606563" lon="9.2396065"><ele>1127.2</ele></trkpt>
      <trkpt lat="41.9605312" lon="9.2397982"><ele>1132.9</ele></trkpt>
      <trkpt lat="41.9604703" lon="9.2400460"><ele>1135.8</ele></trkpt>
      <trkpt lat="41.9604689" lon="9.2402560"><ele>1136.5</ele></trkpt>
      <trkpt lat="41.9604573" lon="9.2403411"><ele>1136.9</ele></trkpt>
      <trkpt lat="41.9604961" lon="9.2405733"><ele>1136.0</ele></trkpt>
      <trkpt lat="41.9604289" lon="9.2406719"><ele>1136.8</ele></trkpt>
      <trkpt lat="41.9603904" lon="9.2406875"><ele>1137.0</ele></trkpt>
      <trkpt lat="41.9603494" lon="9.2407041"><ele>1137.2</ele></trkpt>
      <trkpt lat="41.9602823" lon="9.2406958"><ele>1137.8</ele></trkpt>
      <trkpt lat="41.9602540" lon="9.2406680"><ele>1138.3</ele></trkpt>
      <trkpt lat="41.9602520" lon="9.2406399"><ele>1138.7</ele></trkpt>
      <trkpt lat="41.9602725" lon="9.2405540"><ele>1139.3</ele></trkpt>
      <trkpt lat="41.9602610" lon="9.2405017"><ele>1139.7</ele></trkpt>
      <trkpt lat="41.9602405" lon="9.2404709"><ele>1140.2</ele></trkpt>
      <trkpt lat="41.9601752" lon="9.2404119"><ele>1141.2</ele></trkpt>
      <trkpt lat="41.9600775" lon="9.2402932"><ele>1143.0</ele></trkpt>
      <trkpt lat="41.9600526" lon="9.2402845"><ele>1143.3</ele></trkpt>
      <trkpt lat="41.9600366" lon="9.2402550"><ele>1143.7</ele></trkpt>
      <trkpt lat="41.9600436" lon="9.2402335"><ele>1143.8</ele></trkpt>
      <trkpt lat="41.9600526" lon="9.2401732"><ele>1144.2</ele></trkpt>
      <trkpt lat="41.9600461" lon="9.2400961"><ele>1145.0</ele></trkpt>
      <trkpt lat="41.9599548" lon="9.2399150"><ele>1147.9</ele></trkpt>
      <trkpt lat="41.9599304" lon="9.2398439"><ele>1148.7</ele></trkpt>
      <trkpt lat="41.9598516" lon="9.2398312"><ele>1149.9</ele></trkpt>
      <trkpt lat="41.9597878" lon="9.2398413"><ele>1150.8</ele></trkpt>
      <trkpt lat="41.9597564" lon="9.2398245"><ele>1151.4</ele></trkpt>
      <trkpt lat="41.9597369" lon="9.2397615"><ele>1152.3</ele></trkpt>
      <trkpt lat="41.9596866" lon="9.2397112"><ele>1153.4</ele></trkpt>
      <trkpt lat="41.9596626" lon="9.2396354"><ele>1154.5</ele></trkpt>
      <trkpt lat="41.9595963" lon="9.2395797"><ele>1156.0</ele></trkpt>
      <trkpt lat="41.9595474" lon="9.2395482"><ele>1157.0</ele></trkpt>
      <trkpt lat="41.9595544" lon="9.2394557"><ele>1158.2</ele></trkpt>
      <trkpt lat="41.9595431" lon="9.2394005"><ele>1159.1</ele></trkpt>
      <trkpt lat="41.9595190" lon="9.2393222"><ele>1160.4</ele></trkpt>
      <trkpt lat="41.9594731" lon="9.2392304"><ele>1161.9</ele></trkpt>
      <trkpt lat="41.9593610" lon="9.2390232"><ele>1165.9</ele></trkpt>
      <trkpt lat="41.9592936" lon="9.2389742"><ele>1167.4</ele></trkpt>
      <trkpt lat="41.9592333" lon="9.2389132"><ele>1168.7</ele></trkpt>
      <trkpt lat="41.9592094" lon="9.2388468"><ele>1169.9</ele></trkpt>
      <trkpt lat="41.9591550" lon="9.2387905"><ele>1171.3</ele></trkpt>
      <trkpt lat="41.9591416" lon="9.2387228"><ele>1172.9</ele></trkpt>
      <trkpt lat="41.9591690" lon="9.2385900"><ele>1175.7</ele></trkpt>
      <trkpt lat="41.9592044" lon="9.2385719"><ele>1175.6</ele></trkpt>
      <trkpt lat="41.9592298" lon="9.2385129"><ele>1176.5</ele></trkpt>
      <trkpt lat="41.9592692" lon="9.2384599"><ele>1177.2</ele></trkpt>
      <trkpt lat="41.9592896" lon="9.2384478"><ele>1177.1</ele></trkpt>
      <trkpt lat="41.9592901" lon="9.2384244"><ele>1177.7</ele></trkpt>
      <trkpt lat="41.9593684" lon="9.2383503"><ele>1177.9</ele></trkpt>
      <trkpt lat="41.9594626" lon="9.2380203"><ele>1182.6</ele></trkpt>
      <trkpt lat="41.9594529" lon="9.2375468"><ele>1191.9</ele></trkpt>
      <trkpt lat="41.9595446" lon="9.2372186"><ele>1194.9</ele></trkpt>
      <trkpt lat="41.9595040" lon="9.2369887"><ele>1201.2</ele></trkpt>
      <trkpt lat="41.9602967" lon="9.2360764"><ele>1194.7</ele></trkpt>
      <trkpt lat="41.9604026" lon="9.2360674"><ele>1190.5</ele></trkpt>
      <trkpt lat="41.9605463" lon="9.2359475"><ele>1187.1</ele></trkpt>
      <trkpt lat="41.9605033" lon="9.2358219"><ele>1191.6</ele></trkpt>
      <trkpt lat="41.9603484" lon="9.2357020"><ele>1200.7</ele></trkpt>
      <trkpt lat="41.9601603" lon="9.2353499"><ele>1215.0</ele></trkpt>
      <trkpt lat="41.9601021" lon="9.2349654"><ele>1223.5</ele></trkpt>
      <trkpt lat="41.9599608" lon="9.2345881"><ele>1233.4</ele></trkpt>
      <trkpt lat="41.9599106" lon="9.2343044"><ele>1235.0</ele></trkpt>
      <trkpt lat="41.9598625" lon="9.2338069"><ele>1251.9</ele></trkpt>
      <trkpt lat="41.9598077" lon="9.2336527"><ele>1256.6</ele></trkpt>
      <trkpt lat="41.9596725" lon="9.2335195"><ele>1261.8</ele></trkpt>
      <trkpt lat="41.9596917" lon="9.2334744"><ele>1262.0</ele></trkpt>
      <trkpt lat="41.9597440" lon="9.2334424"><ele>1261.2</ele></trkpt>
      <trkpt lat="41.9598850" lon="9.2334216"><ele>1258.5</ele></trkpt>
      <trkpt lat="41.9599906" lon="9.2333142"><ele>1258.3</ele></trkpt>
      <trkpt lat="41.9599696" lon="9.2331886"><ele>1261.7</ele></trkpt>
      <trkpt lat="41.9599959" lon="9.2331270"><ele>1262.5</ele></trkpt>
      <trkpt lat="41.9600013" lon="9.2329397"><ele>1268.0</ele></trkpt>
      <trkpt lat="41.9601118" lon="9.2328358"><ele>1269.5</ele></trkpt>
      <trkpt lat="41.9601195" lon="9.2326587"><ele>1276.9</ele></trkpt>
      <trkpt lat="41.9603090" lon="9.2324744"><ele>1283.2</ele></trkpt>
      <trkpt lat="41.9604241" lon="9.2324712"><ele>1281.9</ele></trkpt>
      <trkpt lat="41.9606313" lon="9.2323428"><ele>1288.0</ele></trkpt>
      <trkpt lat="41.9609353" lon="9.2323345"><ele>1287.7</ele></trkpt>
      <trkpt lat="41.9611175" lon="9.2324187"><ele>1283.2</ele></trkpt>
      <trkpt lat="41.9613895" lon="9.2323616"><ele>1289.3</ele></trkpt>
      <trkpt lat="41.9616806" lon="9.2325071"><ele>1283.6</ele></trkpt>
      <trkpt lat="41.9619970" lon="9.2325254"><ele>1284.4</ele></trkpt>
      <trkpt lat="41.9623544" lon="9.2325139"><ele>1282.2</ele></trkpt>
      <trkpt lat="41.9625790" lon="9.2326763"><ele>1272.4</ele></trkpt>
      <trkpt lat="41.9627667" lon="9.2326462"><ele>1269.3</ele></trkpt>
      <trkpt lat="41.9629104" lon="9.2324672"><ele>1269.6</ele></trkpt>
      <trkpt lat="41.9629830" lon="9.2319964"><ele>1275.6</ele></trkpt>
      <trkpt lat="41.9629429" lon="9.2314108"><ele>1287.5</ele></trkpt>
      <trkpt lat="41.9627392" lon="9.2306141"><ele>1308.9</ele></trkpt>
      <trkpt lat="41.9626941" lon="9.2305178"><ele>1313.6</ele></trkpt>
      <trkpt lat="41.9626813" lon="9.2302269"><ele>1319.9</ele></trkpt>
      <trkpt lat="41.9627252" lon="9.2299372"><ele>1322.5</ele></trkpt>
      <trkpt lat="41.9626724" lon="9.2295451"><ele>1337.0</ele></trkpt>
      <trkpt lat="41.9628492" lon="9.2294037"><ele>1329.8</ele></trkpt>
      <trkpt lat="41.9629823" lon="9.2291923"><ele>1329.0</ele></trkpt>
      <trkpt lat="41.9630340" lon="9.2290400"><ele>1330.7</ele></trkpt>
      <trkpt lat="41.9629791" lon="9.2287564"><ele>1340.9</ele></trkpt>
      <trkpt lat="41.9629965" lon="9.2284319"><ele>1347.5</ele></trkpt>
      <trkpt lat="41.9630459" lon="9.2283125"><ele>1348.2</ele></trkpt>
      <trkpt lat="41.9629971" lon="9.2283017"><ele>1350.5</ele></trkpt>
      <trkpt lat="41.9630296" lon="9.2281789"><ele>1352.0</ele></trkpt>
      <trkpt lat="41.9629955" lon="9.2280001"><ele>1358.0</ele></trkpt>
      <trkpt lat="41.9629505" lon="9.2278657"><ele>1363.5</ele></trkpt>
      <trkpt lat="41.9629588" lon="9.2277753"><ele>1365.9</ele></trkpt>
      <trkpt lat="41.9630682" lon="9.2277217"><ele>1363.0</ele></trkpt>
      <trkpt lat="41.9633222" lon="9.2274669"><ele>1361.3</ele></trkpt>
      <trkpt lat="41.9635772" lon="9.2272130"><ele>1362.3</ele></trkpt>
      <trkpt lat="41.9637432" lon="9.2269427"><ele>1369.3</ele></trkpt>
      <trkpt lat="41.9638125" lon="9.2268229"><ele>1373.7</ele></trkpt>
      <trkpt lat="41.9639537" lon="9.2267883"><ele>1374.1</ele></trkpt>
      <trkpt lat="41.9640706" lon="9.2268257"><ele>1373.2</ele></trkpt>
      <trkpt lat="41.9641556" lon="9.2267821"><ele>1375.4</ele></trkpt>
      <trkpt lat="41.9644699" lon="9.2268312"><ele>1379.2</ele></trkpt>
      <trkpt lat="41.9647116" lon="9.2269117"><ele>1383.3</ele></trkpt>
      <trkpt lat="41.9647907" lon="9.2270252"><ele>1381.5</ele></trkpt>
      <trkpt lat="41.9648840" lon="9.2271740"><ele>1378.7</ele></trkpt>
      <trkpt lat="41.9649245" lon="9.2273594"><ele>1372.6</ele></trkpt>
      <trkpt lat="41.9649798" lon="9.2274327"><ele>1371.7</ele></trkpt>
      <trkpt lat="41.9650326" lon="9.2274523"><ele>1373.1</ele></trkpt>
      <trkpt lat="41.9650449" lon="9.2272289"><ele>1383.0</ele></trkpt>
      <trkpt lat="41.9650292" lon="9.2270126"><ele>1391.5</ele></trkpt>
      <trkpt lat="41.9650515" lon="9.2269130"><ele>1396.6</ele></trkpt>
      <trkpt lat="41.9650390" lon="9.2268302"><ele>1399.4</ele></trkpt>
      <trkpt lat="41.9650628" lon="9.2265979"><ele>1409.8</ele></trkpt>
      <trkpt lat="41.9650949" lon="9.2265271"><ele>1414.0</ele></trkpt>
      <trkpt lat="41.9650981" lon="9.2264390"><ele>1417.6</ele></trkpt>
      <trkpt lat="41.9653467" lon="9.2267202"><ele>1416.5</ele></trkpt>
      <trkpt lat="41.9653897" lon="9.2265576"><ele>1424.4</ele></trkpt>
      <trkpt lat="41.9653969" lon="9.2264641"><ele>1428.2</ele></trkpt>
      <trkpt lat="41.9654895" lon="9.2265603"><ele>1428.1</ele></trkpt>
      <trkpt lat="41.9655856" lon="9.2266375"><ele>1428.7</ele></trkpt>
      <trkpt lat="41.9656335" lon="9.2267423"><ele>1426.3</ele></trkpt>
      <trkpt lat="41.9656956" lon="9.2266732"><ele>1431.2</ele></trkpt>
      <trkpt lat="41.9657187" lon="9.2265565"><ele>1436.5</ele></trkpt>
      <trkpt lat="41.9657686" lon="9.2265683"><ele>1437.7</ele></trkpt>
      <trkpt lat="41.9658050" lon="9.2266437"><ele>1436.0</ele></trkpt>
      <trkpt lat="41.9658662" lon="9.2265810"><ele>1440.4</ele></trkpt>
      <trkpt lat="41.9658279" lon="9.2264774"><ele>1443.1</ele></trkpt>
      <trkpt lat="41.9658222" lon="9.2264319"><ele>1444.6</ele></trkpt>
      <trkpt lat="41.9656262" lon="9.2259620"><ele>1456.3</ele></trkpt>
      <trkpt lat="41.9657687" lon="9.2258262"><ele>1467.4</ele></trkpt>
      <trkpt lat="41.9657796" lon="9.2257156"><ele>1472.3</ele></trkpt>
      <trkpt lat="41.9659260" lon="9.2258389"><ele>1472.1</ele></trkpt>
      <trkpt lat="41.9660878" lon="9.2258328"><ele>1477.7</ele></trkpt>
      <trkpt lat="41.9660161" lon="9.2257128"><ele>1480.4</ele></trkpt>
      <trkpt lat="41.9659882" lon="9.2255956"><ele>1484.2</ele></trkpt>
      <trkpt lat="41.9660084" lon="9.2254713"><ele>1489.8</ele></trkpt>
      <trkpt lat="41.9659897" lon="9.2252797"><ele>1495.2</ele></trkpt>
      <trkpt lat="41.9661014" lon="9.2253700"><ele>1495.8</ele></trkpt>
      <trkpt lat="41.9661798" lon="9.2254623"><ele>1495.5</ele></trkpt>
      <trkpt lat="41.9662409" lon="9.2254637"><ele>1497.3</ele></trkpt>
      <trkpt lat="41.9662047" lon="9.2252831"><ele>1501.6</ele></trkpt>
      <trkpt lat="41.9661344" lon="9.2251151"><ele>1504.3</ele></trkpt>
      <trkpt lat="41.9660797" lon="9.2247820"><ele>1510.8</ele></trkpt>
      <trkpt lat="41.9660332" lon="9.2246290"><ele>1512.5</ele></trkpt>
      <trkpt lat="41.9659568" lon="9.2245140"><ele>1512.4</ele></trkpt>
      <trkpt lat="41.9658290" lon="9.2244392"><ele>1510.2</ele></trkpt>
      <trkpt lat="41.9657351" lon="9.2244040"><ele>1508.4</ele></trkpt>
      <trkpt lat="41.9656968" lon="9.2242838"><ele>1509.8</ele></trkpt>
      <trkpt lat="41.9656291" lon="9.2242025"><ele>1509.1</ele></trkpt>
      <trkpt lat="41.9653425" lon="9.2240880"><ele>1505.1</ele></trkpt>
      <trkpt lat="41.9653013" lon="9.2240607"><ele>1504.6</ele></trkpt>
      <trkpt lat="41.9652818" lon="9.2239865"><ele>1504.7</ele></trkpt>
      <trkpt lat="41.9653014" lon="9.2238732"><ele>1504.3</ele></trkpt>
      <trkpt lat="41.9653648" lon="9.2237108"><ele>1504.4</ele></trkpt>
      <trkpt lat="41.9654534" lon="9.2235799"><ele>1504.3</ele></trkpt>
      <trkpt lat="41.9655276" lon="9.2234380"><ele>1503.7</ele></trkpt>
      <trkpt lat="41.9655893" lon="9.2232002"><ele>1500.3</ele></trkpt>
      <trkpt lat="41.9651830" lon="9.2230694"><ele>1488.4</ele></trkpt>
      <trkpt lat="41.9649049" lon="9.2231037"><ele>1486.3</ele></trkpt>
      <trkpt lat="41.9647751" lon="9.2230769"><ele>1484.9</ele></trkpt>
      <trkpt lat="41.9646042" lon="9.2231528"><ele>1486.9</ele></trkpt>
      <trkpt lat="41.9644938" lon="9.2231332"><ele>1486.7</ele></trkpt>
      <trkpt lat="41.9642965" lon="9.2232562"><ele>1491.2</ele></trkpt>
      <trkpt lat="41.9641464" lon="9.2230540"><ele>1486.0</ele></trkpt>
      <trkpt lat="41.9640462" lon="9.2227514"><ele>1474.5</ele></trkpt>
      <trkpt lat="41.9639820" lon="9.2226170"><ele>1471.1</ele></trkpt>
      <trkpt lat="41.9638057" lon="9.2224363"><ele>1467.2</ele></trkpt>
      <trkpt lat="41.9636510" lon="9.2221767"><ele>1458.0</ele></trkpt>
      <trkpt lat="41.9636985" lon="9.2219973"><ele>1448.5</ele></trkpt>
      <trkpt lat="41.9638512" lon="9.2219183"><ele>1442.9</ele></trkpt>
      <trkpt lat="41.9637873" lon="9.2218137"><ele>1438.4</ele></trkpt>
      <trkpt lat="41.9638416" lon="9.2217226"><ele>1433.2</ele></trkpt>
      <trkpt lat="41.9633823" lon="9.2214849"><ele>1426.1</ele></trkpt>
      <trkpt lat="41.9633358" lon="9.2212682"><ele>1416.6</ele></trkpt>
      <trkpt lat="41.9631045" lon="9.2210113"><ele>1406.1</ele></trkpt>
      <trkpt lat="41.9625410" lon="9.2209450"><ele>1400.4</ele></trkpt>
      <trkpt lat="41.9626297" lon="9.2208073"><ele>1395.9</ele></trkpt>
      <trkpt lat="41.9624547" lon="9.2207140"><ele>1390.9</ele></trkpt>
      <trkpt lat="41.9623643" lon="9.2205853"><ele>1385.3</ele></trkpt>
      <trkpt lat="41.9621802" lon="9.2206150"><ele>1385.6</ele></trkpt>
      <trkpt lat="41.9620354" lon="9.2204398"><ele>1378.9</ele></trkpt>
      <trkpt lat="41.9620041" lon="9.2201234"><ele>1366.1</ele></trkpt>
      <trkpt lat="41.9618290" lon="9.2202004"><ele>1369.9</ele></trkpt>
      <trkpt lat="41.9615863" lon="9.2200619"><ele>1366.1</ele></trkpt>
      <trkpt lat="41.9614689" lon="9.2197039"><ele>1353.6</ele></trkpt>
      <trkpt lat="41.9614200" lon="9.2193127"><ele>1340.7</ele></trkpt>
      <trkpt lat="41.9611921" lon="9.2191049"><ele>1339.2</ele></trkpt>
      <trkpt lat="41.9610510" lon="9.2189446"><ele>1338.5</ele></trkpt>
      <trkpt lat="41.9609006" lon="9.2188906"><ele>1341.9</ele></trkpt>
      <trkpt lat="41.9608602" lon="9.2186023"><ele>1336.0</ele></trkpt>
      <trkpt lat="41.9608098" lon="9.2183068"><ele>1331.1</ele></trkpt>
      <trkpt lat="41.9607265" lon="9.2180120"><ele>1327.1</ele></trkpt>
      <trkpt lat="41.9606408" lon="9.2179002"><ele>1327.2</ele></trkpt>
      <trkpt lat="41.9605068" lon="9.2178191"><ele>1329.8</ele></trkpt>
      <trkpt lat="41.9605697" lon="9.2177310"><ele>1325.5</ele></trkpt>
      <trkpt lat="41.9605204" lon="9.2175420"><ele>1322.8</ele></trkpt>
      <trkpt lat="41.9604443" lon="9.2174748"><ele>1323.9</ele></trkpt>
      <trkpt lat="41.9604060" lon="9.2173419"><ele>1322.6</ele></trkpt>
      <trkpt lat="41.9602223" lon="9.2172255"><ele>1326.5</ele></trkpt>
      <trkpt lat="41.9601152" lon="9.2170247"><ele>1326.6</ele></trkpt>
      <trkpt lat="41.9599384" lon="9.2169420"><ele>1331.0</ele></trkpt>
      <trkpt lat="41.9596836" lon="9.2165724"><ele>1336.4</ele></trkpt>
      <trkpt lat="41.9601399" lon="9.2161810"><ele>1320.8</ele></trkpt>
      <trkpt lat="41.9601991" lon="9.2160587"><ele>1318.9</ele></trkpt>
      <trkpt lat="41.9607908" lon="9.2158811"><ele>1299.8</ele></trkpt>
      <trkpt lat="41.9610675" lon="9.2156498"><ele>1289.2</ele></trkpt>
      <trkpt lat="41.9610499" lon="9.2155061"><ele>1289.7</ele></trkpt>
      <trkpt lat="41.9607788" lon="9.2152294"><ele>1298.2</ele></trkpt>
      <trkpt lat="41.9608583" lon="9.2148815"><ele>1291.6</ele></trkpt>
      <trkpt lat="41.9608332" lon="9.2147614"><ele>1290.3</ele></trkpt>
      <trkpt lat="41.9606583" lon="9.2145648"><ele>1291.6</ele></trkpt>
      <trkpt lat="41.9605690" lon="9.2143648"><ele>1290.1</ele></trkpt>
      <trkpt lat="41.9605762" lon="9.2142585"><ele>1287.2</ele></trkpt>
      <trkpt lat="41.9603272" lon="9.2139609"><ele>1287.1</ele></trkpt>
      <trkpt lat="41.9603575" lon="9.2138023"><ele>1281.3</ele></trkpt>
      <trkpt lat="41.9600641" lon="9.2133752"><ele>1275.0</ele></trkpt>
      <trkpt lat="41.9597998" lon="9.2132888"><ele>1278.8</ele></trkpt>
      <trkpt lat="41.9595836" lon="9.2129569"><ele>1269.5</ele></trkpt>
      <trkpt lat="41.9593839" lon="9.2128532"><ele>1268.6</ele></trkpt>
      <trkpt lat="41.9591507" lon="9.2126264"><ele>1262.7</ele></trkpt>
      <trkpt lat="41.9590351" lon="9.2123907"><ele>1254.5</ele></trkpt>
      <trkpt lat="41.9588066" lon="9.2122411"><ele>1252.9</ele></trkpt>
      <trkpt lat="41.9587522" lon="9.2115176"><ele>1227.2</ele></trkpt>
      <trkpt lat="41.9585591" lon="9.2111775"><ele>1221.1</ele></trkpt>
      <trkpt lat="41.9581903" lon="9.2108828"><ele>1220.0</ele></trkpt>
      <trkpt lat="41.9580413" lon="9.2108805"><ele>1221.6</ele></trkpt>
      <trkpt lat="41.9579101" lon="9.2108141"><ele>1221.1</ele></trkpt>
      <trkpt lat="41.9578237" lon="9.2106830"><ele>1218.7</ele></trkpt>
      <trkpt lat="41.9577599" lon="9.2103784"><ele>1211.8</ele></trkpt>
      <trkpt lat="41.9573132" lon="9.2100430"><ele>1208.2</ele></trkpt>
      <trkpt lat="41.9572637" lon="9.2098532"><ele>1203.5</ele></trkpt>
      <trkpt lat="41.9570481" lon="9.2096146"><ele>1197.4</ele></trkpt>
      <trkpt lat="41.9569285" lon="9.2096040"><ele>1197.1</ele></trkpt>
      <trkpt lat="41.9568209" lon="9.2096880"><ele>1199.7</ele></trkpt>
      <trkpt lat="41.9567503" lon="9.2097228"><ele>1201.0</ele></trkpt>
      <trkpt lat="41.9566360" lon="9.2098722"><ele>1205.7</ele></trkpt>
      <trkpt lat="41.9564906" lon="9.2099188"><ele>1207.9</ele></trkpt>
      <trkpt lat="41.9561865" lon="9.2098882"><ele>1209.7</ele></trkpt>
      <trkpt lat="41.9559468" lon="9.2099032"><ele>1214.1</ele></trkpt>
      <trkpt lat="41.9558196" lon="9.2098488"><ele>1216.1</ele></trkpt>
      <trkpt lat="41.9554509" lon="9.2093902"><ele>1219.8</ele></trkpt>
      <trkpt lat="41.9554291" lon="9.2092284"><ele>1214.4</ele></trkpt>
      <trkpt lat="41.9555310" lon="9.2090751"><ele>1206.2</ele></trkpt>
      <trkpt lat="41.9557578" lon="9.2090271"><ele>1200.5</ele></trkpt>
      <trkpt lat="41.9558196" lon="9.2089056"><ele>1197.4</ele></trkpt>
      <trkpt lat="41.9557082" lon="9.2084581"><ele>1196.9</ele></trkpt>
      <trkpt lat="41.9555836" lon="9.2081759"><ele>1200.8</ele></trkpt>
      <trkpt lat="41.9556020" lon="9.2079886"><ele>1199.1</ele></trkpt>
      <trkpt lat="41.9555624" lon="9.2078108"><ele>1199.9</ele></trkpt>
      <trkpt lat="41.9553447" lon="9.2075061"><ele>1206.8</ele></trkpt>
      <trkpt lat="41.9551213" lon="9.2070357"><ele>1211.9</ele></trkpt>
      <trkpt lat="41.9549332" lon="9.2068096"><ele>1216.5</ele></trkpt>
      <trkpt lat="41.9547439" lon="9.2066645"><ele>1221.9</ele></trkpt>
      <trkpt lat="41.9546771" lon="9.2065134"><ele>1222.8</ele></trkpt>
      <trkpt lat="41.9547353" lon="9.2063257"><ele>1218.3</ele></trkpt>
      <trkpt lat="41.9548296" lon="9.2061484"><ele>1212.5</ele></trkpt>
      <trkpt lat="41.9548539" lon="9.2059745"><ele>1209.5</ele></trkpt>
      <trkpt lat="41.9549125" lon="9.2057671"><ele>1204.8</ele></trkpt>
      <trkpt lat="41.9548809" lon="9.2055634"><ele>1203.3</ele></trkpt>
      <trkpt lat="41.9547586" lon="9.2052681"><ele>1204.7</ele></trkpt>
      <trkpt lat="41.9546614" lon="9.2049979"><ele>1206.2</ele></trkpt>
      <trkpt lat="41.9546140" lon="9.2046563"><ele>1205.1</ele></trkpt>
      <trkpt lat="41.9545005" lon="9.2043760"><ele>1207.8</ele></trkpt>
      <trkpt lat="41.9543404" lon="9.2041203"><ele>1212.4</ele></trkpt>
      <trkpt lat="41.9542107" lon="9.2037061"><ele>1213.0</ele></trkpt>
      <trkpt lat="41.9540421" lon="9.2034794"><ele>1215.7</ele></trkpt>
      <trkpt lat="41.9536502" lon="9.2033655"><ele>1227.5</ele></trkpt>
      <trkpt lat="41.9533130" lon="9.2028688"><ele>1232.8</ele></trkpt>
      <trkpt lat="41.9532635" lon="9.2025383"><ele>1229.5</ele></trkpt>
      <trkpt lat="41.9531784" lon="9.2023411"><ele>1229.3</ele></trkpt>
      <trkpt lat="41.9526673" lon="9.2019730"><ele>1237.5</ele></trkpt>
      <trkpt lat="41.9525053" lon="9.2017642"><ele>1237.8</ele></trkpt>
      <trkpt lat="41.9521310" lon="9.2015905"><ele>1242.9</ele></trkpt>
      <trkpt lat="41.9520759" lon="9.2014386"><ele>1242.9</ele></trkpt>
      <trkpt lat="41.9520821" lon="9.2011566"><ele>1242.0</ele></trkpt>
      <trkpt lat="41.9517577" lon="9.2008929"><ele>1249.2</ele></trkpt>
      <trkpt lat="41.9515975" lon="9.2008158"><ele>1253.1</ele></trkpt>
      <trkpt lat="41.9515551" lon="9.2006320"><ele>1255.0</ele></trkpt>
      <trkpt lat="41.9517888" lon="9.2003029"><ele>1253.2</ele></trkpt>
      <trkpt lat="41.9521004" lon="9.1997202"><ele>1253.2</ele></trkpt>
      <trkpt lat="41.9524335" lon="9.1992233"><ele>1250.3</ele></trkpt>
      <trkpt lat="41.9527010" lon="9.1989364"><ele>1247.0</ele></trkpt>
      <trkpt lat="41.9526727" lon="9.1986879"><ele>1247.1</ele></trkpt>
      <trkpt lat="41.9522043" lon="9.1987279"><ele>1252.8</ele></trkpt>
      <trkpt lat="41.9520380" lon="9.1986542"><ele>1254.3</ele></trkpt>
      <trkpt lat="41.9514630" lon="9.1981505"><ele>1255.3</ele></trkpt>
      <trkpt lat="41.9512802" lon="9.1981268"><ele>1254.4</ele></trkpt>
      <trkpt lat="41.9511613" lon="9.1984260"><ele>1254.0</ele></trkpt>
      <trkpt lat="41.9508315" lon="9.1983936"><ele>1249.6</ele></trkpt>
      <trkpt lat="41.9505680" lon="9.1982109"><ele>1245.2</ele></trkpt>
      <trkpt lat="41.9504505" lon="9.1980270"><ele>1242.4</ele></trkpt>
      <trkpt lat="41.9503348" lon="9.1980476"><ele>1241.9</ele></trkpt>
      <trkpt lat="41.9501693" lon="9.1976467"><ele>1237.2</ele></trkpt>
      <trkpt lat="41.9496766" lon="9.1971140"><ele>1229.3</ele></trkpt>
      <trkpt lat="41.9495757" lon="9.1970515"><ele>1228.3</ele></trkpt>
      <trkpt lat="41.9493804" lon="9.1968950"><ele>1225.5</ele></trkpt>
      <trkpt lat="41.9492843" lon="9.1966870"><ele>1221.7</ele></trkpt>
      <trkpt lat="41.9491675" lon="9.1962214"><ele>1212.4</ele></trkpt>
      <trkpt lat="41.9486799" lon="9.1957408"><ele>1201.8</ele></trkpt>
      <trkpt lat="41.9483060" lon="9.1953024"><ele>1190.9</ele></trkpt>
      <trkpt lat="41.9483280" lon="9.1951030"><ele>1186.0</ele></trkpt>
      <trkpt lat="41.9481808" lon="9.1948775"><ele>1180.2</ele></trkpt>
      <trkpt lat="41.9485388" lon="9.1949271"><ele>1183.6</ele></trkpt>
      <trkpt lat="41.9484440" lon="9.1945035"><ele>1173.9</ele></trkpt>
      <trkpt lat="41.9481198" lon="9.1940315"><ele>1161.7</ele></trkpt>
      <trkpt lat="41.9479218" lon="9.1939272"><ele>1158.9</ele></trkpt>
      <trkpt lat="41.9475210" lon="9.1934534"><ele>1149.1</ele></trkpt>
      <trkpt lat="41.9476141" lon="9.1928500"><ele>1133.5</ele></trkpt>
      <trkpt lat="41.9473540" lon="9.1925750"><ele>1128.0</ele></trkpt>
      <trkpt lat="41.9473052" lon="9.1923454"><ele>1123.6</ele></trkpt>
      <trkpt lat="41.9470776" lon="9.1917157"><ele>1116.3</ele></trkpt>
      <trkpt lat="41.9470373" lon="9.1911034"><ele>1107.9</ele></trkpt>
      <trkpt lat="41.9469870" lon="9.1904890"><ele>1101.8</ele></trkpt>
      <trkpt lat="41.9467523" lon="9.1901870"><ele>1103.6</ele></trkpt>
      <trkpt lat="41.9464001" lon="9.1898792"><ele>1103.7</ele></trkpt>
      <trkpt lat="41.9460398" lon="9.1891012"><ele>1095.1</ele></trkpt>
      <trkpt lat="41.9459356" lon="9.1890664"><ele>1095.3</ele></trkpt>
      <trkpt lat="41.9460001" lon="9.1889939"><ele>1094.2</ele></trkpt>
      <trkpt lat="41.9456645" lon="9.1887402"><ele>1092.5</ele></trkpt>
      <trkpt lat="41.9456656" lon="9.1883273"><ele>1088.4</ele></trkpt>
      <trkpt lat="41.9452995" lon="9.1880522"><ele>1084.1</ele></trkpt>
      <trkpt lat="41.9452146" lon="9.1878341"><ele>1081.0</ele></trkpt>
      <trkpt lat="41.9448662" lon="9.1875358"><ele>1077.1</ele></trkpt>
      <trkpt lat="41.9447507" lon="9.1873355"><ele>1074.5</ele></trkpt>
      <trkpt lat="41.9443325" lon="9.1869008"><ele>1066.4</ele></trkpt>
      <trkpt lat="41.9439497" lon="9.1868625"><ele>1061.2</ele></trkpt>
      <trkpt lat="41.9436461" lon="9.1869467"><ele>1058.8</ele></trkpt>
      <trkpt lat="41.9433287" lon="9.1873496"><ele>1064.5</ele></trkpt>
      <trkpt lat="41.9432140" lon="9.1869115"><ele>1057.0</ele></trkpt>
      <trkpt lat="41.9433195" lon="9.1864905"><ele>1050.4</ele></trkpt>
      <trkpt lat="41.9433188" lon="9.1860590"><ele>1043.6</ele></trkpt>
      <trkpt lat="41.9431187" lon="9.1854601"><ele>1036.5</ele></trkpt>
      <trkpt lat="41.9432884" lon="9.1852841"><ele>1033.2</ele></trkpt>
      <trkpt lat="41.9435728" lon="9.1842953"><ele>1023.4</ele></trkpt>
      <trkpt lat="41.9435191" lon="9.1835094"><ele>1025.1</ele></trkpt>
      <trkpt lat="41.9438009" lon="9.1828268"><ele>1021.7</ele></trkpt>
      <trkpt lat="41.9438744" lon="9.1819177"><ele>1024.6</ele></trkpt>
      <trkpt lat="41.9438034" lon="9.1818295"><ele>1026.9</ele></trkpt>
      <trkpt lat="41.9437067" lon="9.1812937"><ele>1028.4</ele></trkpt>
      <trkpt lat="41.9434924" lon="9.1809363"><ele>1032.3</ele></trkpt>
      <trkpt lat="41.9436615" lon="9.1807394"><ele>1026.7</ele></trkpt>
      <trkpt lat="41.9437798" lon="9.1799558"><ele>1016.6</ele></trkpt>
      <trkpt lat="41.9436300" lon="9.1790937"><ele>1010.9</ele></trkpt>
      <trkpt lat="41.9434230" lon="9.1790275"><ele>1015.6</ele></trkpt>
      <trkpt lat="41.9432964" lon="9.1788678"><ele>1017.1</ele></trkpt>
      <trkpt lat="41.9432301" lon="9.1786686"><ele>1016.2</ele></trkpt>
      <trkpt lat="41.9432065" lon="9.1784461"><ele>1013.7</ele></trkpt>
      <trkpt lat="41.9428162" lon="9.1781188"><ele>1019.0</ele></trkpt>
      <trkpt lat="41.9427416" lon="9.1780719"><ele>1020.1</ele></trkpt>
      <trkpt lat="41.9426676" lon="9.1776481"><ele>1014.2</ele></trkpt>
      <trkpt lat="41.9424390" lon="9.1770911"><ele>1006.3</ele></trkpt>
      <trkpt lat="41.9423111" lon="9.1769954"><ele>1006.1</ele></trkpt>
      <trkpt lat="41.9421084" lon="9.1768414"><ele>1005.3</ele></trkpt>
      <trkpt lat="41.9420227" lon="9.1768167"><ele>1005.9</ele></trkpt>
      <trkpt lat="41.9418124" lon="9.1767975"><ele>1008.6</ele></trkpt>
      <trkpt lat="41.9417206" lon="9.1767591"><ele>1009.2</ele></trkpt>
      <trkpt lat="41.9416487" lon="9.1766523"><ele>1007.6</ele></trkpt>
      <trkpt lat="41.9414716" lon="9.1762377"><ele>1000.6</ele></trkpt>
      <trkpt lat="41.9410478" lon="9.1756942"><ele>995.3</ele></trkpt>
      <trkpt lat="41.9401963" lon="9.1747316"><ele>997.6</ele></trkpt>
      <trkpt lat="41.9397777" lon="9.1735868"><ele>987.9</ele></trkpt>
      <trkpt lat="41.9395019" lon="9.1729257"><ele>986.0</ele></trkpt>
      <trkpt lat="41.9394294" lon="9.1725748"><ele>982.5</ele></trkpt>
      <trkpt lat="41.9393734" lon="9.1722919"><ele>979.7</ele></trkpt>
      <trkpt lat="41.9393060" lon="9.1721135"><ele>978.9</ele></trkpt>
      <trkpt lat="41.9390019" lon="9.1718226"><ele>983.2</ele></trkpt>
      <trkpt lat="41.9388476" lon="9.1715022"><ele>981.2</ele></trkpt>
      <trkpt lat="41.9386979" lon="9.1711157"><ele>977.2</ele></trkpt>
      <trkpt lat="41.9386261" lon="9.1709301"><ele>975.7</ele></trkpt>
      <trkpt lat="41.9384405" lon="9.1704508"><ele>973.7</ele></trkpt>
      <trkpt lat="41.9383737" lon="9.1701985"><ele>972.9</ele></trkpt>
      <trkpt lat="41.9383074" lon="9.1699481"><ele>972.8</ele></trkpt>
      <trkpt lat="41.9383051" lon="9.1697677"><ele>972.1</ele></trkpt>
      <trkpt lat="41.9381812" lon="9.1697035"><ele>974.0</ele></trkpt>
      <trkpt lat="41.9381830" lon="9.1694013"><ele>972.8</ele></trkpt>
      <trkpt lat="41.9381744" lon="9.1688508"><ele>969.7</ele></trkpt>
      <trkpt lat="41.9381806" lon="9.1685317"><ele>966.7</ele></trkpt>
      <trkpt lat="41.9378155" lon="9.1681280"><ele>963.6</ele></trkpt>
      <trkpt lat="41.9375672" lon="9.1676096"><ele>953.9</ele></trkpt>
      <trkpt lat="41.9373671" lon="9.1674368"><ele>949.4</ele></trkpt>
      <trkpt lat="41.9372472" lon="9.1671629"><ele>941.5</ele></trkpt>
      <trkpt lat="41.9370009" lon="9.1669961"><ele>938.2</ele></trkpt>
      <trkpt lat="41.9368712" lon="9.1666044"><ele>927.7</ele></trkpt>
      <trkpt lat="41.9366421" lon="9.1663408"><ele>923.4</ele></trkpt>
      <trkpt lat="41.9366019" lon="9.1660663"><ele>916.4</ele></trkpt>
      <trkpt lat="41.9366577" lon="9.1656929"><ele>905.4</ele></trkpt>
      <trkpt lat="41.9364250" lon="9.1653484"><ele>899.0</ele></trkpt>
      <trkpt lat="41.9362322" lon="9.1651764"><ele>896.1</ele></trkpt>
      <trkpt lat="41.9359706" lon="9.1648345"><ele>887.8</ele></trkpt>
      <trkpt lat="41.9358897" lon="9.1645963"><ele>881.2</ele></trkpt>
      <trkpt lat="41.9358231" lon="9.1644004"><ele>875.5</ele></trkpt>
      <trkpt lat="41.9356456" lon="9.1642709"><ele>871.2</ele></trkpt>
      <trkpt lat="41.9354684" lon="9.1642772"><ele>869.8</ele></trkpt>
      <trkpt lat="41.9350814" lon="9.1644592"><ele>870.1</ele></trkpt>
      <trkpt lat="41.9349775" lon="9.1643315"><ele>865.1</ele></trkpt>
      <trkpt lat="41.9350329" lon="9.1642931"><ele>864.7</ele></trkpt>
      <trkpt lat="41.9349547" lon="9.1639709"><ele>854.7</ele></trkpt>
      <trkpt lat="41.9345730" lon="9.1637475"><ele>845.3</ele></trkpt>
      <trkpt lat="41.9343661" lon="9.1634175"><ele>834.7</ele></trkpt>
      <trkpt lat="41.9343373" lon="9.1634301"><ele>834.6</ele></trkpt>
      <trkpt lat="41.9342253" lon="9.1634142"><ele>832.2</ele></trkpt>
      <trkpt lat="41.9341517" lon="9.1633698"><ele>829.6</ele></trkpt>
      <trkpt lat="41.9340367" lon="9.1633165"><ele>825.8</ele></trkpt>
      <trkpt lat="41.9339768" lon="9.1632789"><ele>823.5</ele></trkpt>
      <trkpt lat="41.9339632" lon="9.1632303"><ele>822.0</ele></trkpt>
      <trkpt lat="41.9339808" lon="9.1631797"><ele>821.1</ele></trkpt>
      <trkpt lat="41.9340287" lon="9.1631556"><ele>821.6</ele></trkpt>
      <trkpt lat="41.9341447" lon="9.1631176"><ele>823.0</ele></trkpt>
      <trkpt lat="41.9342664" lon="9.1628869"><ele>820.1</ele></trkpt>
      <trkpt lat="41.9343739" lon="9.1625413"><ele>813.7</ele></trkpt>
      <trkpt lat="41.9344098" lon="9.1623616"><ele>809.8</ele></trkpt>
      <trkpt lat="41.9344178" lon="9.1623026"><ele>808.5</ele></trkpt>
      <trkpt lat="41.9343991" lon="9.1622825"><ele>807.6</ele></trkpt>
      <trkpt lat="41.9343692" lon="9.1622767"><ele>806.9</ele></trkpt>
      <trkpt lat="41.9342143" lon="9.1625360"><ele>810.4</ele></trkpt>
      <trkpt lat="41.9340749" lon="9.1626724"><ele>810.8</ele></trkpt>
      <trkpt lat="41.9338993" lon="9.1627046"><ele>808.2</ele></trkpt>
      <trkpt lat="41.9335641" lon="9.1628118"><ele>803.9</ele></trkpt>
      <trkpt lat="41.9335478" lon="9.1627438"><ele>802.2</ele></trkpt>
      <trkpt lat="41.9335790" lon="9.1626870"><ele>801.5</ele></trkpt>
      <trkpt lat="41.9339632" lon="9.1625329"><ele>805.3</ele></trkpt>
      <trkpt lat="41.9340507" lon="9.1624488"><ele>804.8</ele></trkpt>
      <trkpt lat="41.9341627" lon="9.1622325"><ele>801.8</ele></trkpt>
      <trkpt lat="41.9341839" lon="9.1621759"><ele>800.9</ele></trkpt>
      <trkpt lat="41.9341824" lon="9.1620988"><ele>799.0</ele></trkpt>
      <trkpt lat="41.9341474" lon="9.1620766"><ele>797.8</ele></trkpt>
      <trkpt lat="41.9341085" lon="9.1620639"><ele>796.8</ele></trkpt>
      <trkpt lat="41.9340799" lon="9.1621051"><ele>797.2</ele></trkpt>
      <trkpt lat="41.9339392" lon="9.1623612"><ele>800.8</ele></trkpt>
      <trkpt lat="41.9338910" lon="9.1623938"><ele>800.7</ele></trkpt>
      <trkpt lat="41.9338352" lon="9.1623884"><ele>799.7</ele></trkpt>
      <trkpt lat="41.9337377" lon="9.1623451"><ele>797.1</ele></trkpt>
      <trkpt lat="41.9336232" lon="9.1622645"><ele>793.6</ele></trkpt>
      <trkpt lat="41.9334299" lon="9.1619866"><ele>787.4</ele></trkpt>
      <trkpt lat="41.9334427" lon="9.1617058"><ele>783.5</ele></trkpt>
      <trkpt lat="41.9338992" lon="9.1613687"><ele>779.0</ele></trkpt>
      <trkpt lat="41.9340567" lon="9.1609712"><ele>771.7</ele></trkpt>
      <trkpt lat="41.9341820" lon="9.1606169"><ele>765.3</ele></trkpt>
      <trkpt lat="41.9342945" lon="9.1604570"><ele>761.9</ele></trkpt>
      <trkpt lat="41.9345935" lon="9.1600120"><ele>753.2</ele></trkpt>
      <trkpt lat="41.9349053" lon="9.1598175"><ele>747.6</ele></trkpt>
      <trkpt lat="41.9352245" lon="9.1595712"><ele>741.2</ele></trkpt>
      <trkpt lat="41.9351641" lon="9.1595386"><ele>741.0</ele></trkpt>
      <trkpt lat="41.9349801" lon="9.1591731"><ele>739.1</ele></trkpt>
      <trkpt lat="41.9349740" lon="9.1591235"><ele>738.8</ele></trkpt>
      <trkpt lat="41.9349931" lon="9.1587482"><ele>736.5</ele></trkpt>
      <trkpt lat="41.9350084" lon="9.1584492"><ele>735.0</ele></trkpt>
      <trkpt lat="41.9350274" lon="9.1580768"><ele>733.3</ele></trkpt>
      <trkpt lat="41.9350234" lon="9.1579843"><ele>733.0</ele></trkpt>
      <trkpt lat="41.9349675" lon="9.1576396"><ele>732.5</ele></trkpt>
      <trkpt lat="41.9348476" lon="9.1568876"><ele>732.3</ele></trkpt>
      <trkpt lat="41.9348368" lon="9.1567920"><ele>732.4</ele></trkpt>
      <trkpt lat="41.9348397" lon="9.1567215"><ele>732.2</ele></trkpt>
      <trkpt lat="41.9348533" lon="9.1566459"><ele>731.8</ele></trkpt>
      <trkpt lat="41.9348812" lon="9.1565325"><ele>731.1</ele></trkpt>
      <trkpt lat="41.9349331" lon="9.1564080"><ele>730.1</ele></trkpt>
      <trkpt lat="41.9349568" lon="9.1562582"><ele>729.8</ele></trkpt>
      <trkpt lat="41.9349609" lon="9.1561201"><ele>729.9</ele></trkpt>
      <trkpt lat="41.9348970" lon="9.1554249"><ele>731.6</ele></trkpt>
      <trkpt lat="41.9348647" lon="9.1553118"><ele>731.9</ele></trkpt>
      <trkpt lat="41.9348155" lon="9.1552217"><ele>732.1</ele></trkpt>
      <trkpt lat="41.9347651" lon="9.1551698"><ele>732.1</ele></trkpt>
      <!-- Etape 3 : Cozzano - Guitera-les-Bains -->
      <trkpt lat="41.9347299" lon="9.1550829"><ele>732.1</ele></trkpt>
      <trkpt lat="41.9342324" lon="9.1547222"><ele>730.0</ele></trkpt>
      <trkpt lat="41.9340582" lon="9.1545670"><ele>729.3</ele></trkpt>
      <trkpt lat="41.9338844" lon="9.1543305"><ele>727.6</ele></trkpt>
      <trkpt lat="41.9338142" lon="9.1542175"><ele>726.5</ele></trkpt>
      <trkpt lat="41.9337424" lon="9.1540894"><ele>725.4</ele></trkpt>
      <trkpt lat="41.9336873" lon="9.1539610"><ele>724.2</ele></trkpt>
      <trkpt lat="41.9336361" lon="9.1538705"><ele>723.5</ele></trkpt>
      <trkpt lat="41.9335608" lon="9.1537727"><ele>723.1</ele></trkpt>
      <trkpt lat="41.9334451" lon="9.1536815"><ele>723.6</ele></trkpt>
      <trkpt lat="41.9333523" lon="9.1535984"><ele>723.9</ele></trkpt>
      <trkpt lat="41.9332934" lon="9.1534951"><ele>723.5</ele></trkpt>
      <trkpt lat="41.9331817" lon="9.1531545"><ele>721.2</ele></trkpt>
      <trkpt lat="41.9329967" lon="9.1525416"><ele>716.4</ele></trkpt>
      <trkpt lat="41.9329610" lon="9.1524666"><ele>716.1</ele></trkpt>
      <trkpt lat="41.9329431" lon="9.1523858"><ele>715.4</ele></trkpt>
      <trkpt lat="41.9329098" lon="9.1523288"><ele>715.3</ele></trkpt>
      <trkpt lat="41.9328225" lon="9.1522128"><ele>715.6</ele></trkpt>
      <trkpt lat="41.9328126" lon="9.1521746"><ele>715.3</ele></trkpt>
      <trkpt lat="41.9328210" lon="9.1520277"><ele>713.0</ele></trkpt>
      <trkpt lat="41.9327971" lon="9.1518118"><ele>710.9</ele></trkpt>
      <trkpt lat="41.9328155" lon="9.1517314"><ele>709.6</ele></trkpt>
      <trkpt lat="41.9328739" lon="9.1516516"><ele>707.6</ele></trkpt>
      <trkpt lat="41.9328984" lon="9.1515805"><ele>706.6</ele></trkpt>
      <trkpt lat="41.9329089" lon="9.1515339"><ele>706.0</ele></trkpt>
      <trkpt lat="41.9329692" lon="9.1512687"><ele>703.1</ele></trkpt>
      <trkpt lat="41.9329577" lon="9.1511936"><ele>702.7</ele></trkpt>
      <trkpt lat="41.9328225" lon="9.1506169"><ele>700.4</ele></trkpt>
      <trkpt lat="41.9327083" lon="9.1502702"><ele>699.3</ele></trkpt>
      <trkpt lat="41.9326913" lon="9.1501757"><ele>698.9</ele></trkpt>
      <trkpt lat="41.9327153" lon="9.1501059"><ele>698.3</ele></trkpt>
      <trkpt lat="41.9328510" lon="9.1499182"><ele>695.6</ele></trkpt>
      <trkpt lat="41.9331817" lon="9.1495454"><ele>690.1</ele></trkpt>
      <trkpt lat="41.9332261" lon="9.1494461"><ele>689.5</ele></trkpt>
      <trkpt lat="41.9332810" lon="9.1491343"><ele>689.1</ele></trkpt>
      <trkpt lat="41.9333129" lon="9.1490170"><ele>688.9</ele></trkpt>
      <trkpt lat="41.9334062" lon="9.1488373"><ele>688.4</ele></trkpt>
      <trkpt lat="41.9334890" lon="9.1487762"><ele>687.7</ele></trkpt>
      <trkpt lat="41.9335663" lon="9.1487575"><ele>686.8</ele></trkpt>
      <trkpt lat="41.9336526" lon="9.1487300"><ele>685.9</ele></trkpt>
      <trkpt lat="41.9337259" lon="9.1487447"><ele>684.9</ele></trkpt>
      <trkpt lat="41.9338092" lon="9.1486877"><ele>684.4</ele></trkpt>
      <trkpt lat="41.9338801" lon="9.1485643"><ele>684.5</ele></trkpt>
      <trkpt lat="41.9339858" lon="9.1484611"><ele>684.0</ele></trkpt>
      <trkpt lat="41.9342359" lon="9.1482595"><ele>682.5</ele></trkpt>
      <trkpt lat="41.9343398" lon="9.1482003"><ele>681.5</ele></trkpt>
      <trkpt lat="41.9345602" lon="9.1480176"><ele>679.0</ele></trkpt>
      <trkpt lat="41.9348865" lon="9.1479845"><ele>674.4</ele></trkpt>
      <trkpt lat="41.9352611" lon="9.1478140"><ele>668.7</ele></trkpt>
      <trkpt lat="41.9353124" lon="9.1477690"><ele>667.6</ele></trkpt>
      <trkpt lat="41.9353062" lon="9.1471069"><ele>661.1</ele></trkpt>
      <trkpt lat="41.9353537" lon="9.1464135"><ele>648.2</ele></trkpt>
      <trkpt lat="41.9351175" lon="9.1462001"><ele>651.3</ele></trkpt>
      <trkpt lat="41.9350326" lon="9.1456209"><ele>644.1</ele></trkpt>
      <trkpt lat="41.9350562" lon="9.1454416"><ele>640.8</ele></trkpt>
      <trkpt lat="41.9349211" lon="9.1450506"><ele>639.8</ele></trkpt>
      <trkpt lat="41.9349357" lon="9.1450058"><ele>638.8</ele></trkpt>
      <trkpt lat="41.9349584" lon="9.1450503"><ele>638.5</ele></trkpt>
      <trkpt lat="41.9349947" lon="9.1451029"><ele>638.0</ele></trkpt>
      <trkpt lat="41.9350943" lon="9.1449320"><ele>632.7</ele></trkpt>
      <trkpt lat="41.9350701" lon="9.1446913"><ele>630.5</ele></trkpt>
      <trkpt lat="41.9351911" lon="9.1439786"><ele>619.8</ele></trkpt>
      <trkpt lat="41.9351701" lon="9.1436918"><ele>617.8</ele></trkpt>
      <trkpt lat="41.9352530" lon="9.1436109"><ele>615.0</ele></trkpt>
      <trkpt lat="41.9353267" lon="9.1433901"><ele>611.9</ele></trkpt>
      <trkpt lat="41.9352930" lon="9.1433582"><ele>612.1</ele></trkpt>
      <trkpt lat="41.9352422" lon="9.1426828"><ele>606.9</ele></trkpt>
      <trkpt lat="41.9352952" lon="9.1425595"><ele>605.0</ele></trkpt>
      <trkpt lat="41.9352829" lon="9.1421582"><ele>601.8</ele></trkpt>
      <trkpt lat="41.9355939" lon="9.1421322"><ele>599.9</ele></trkpt>
      <trkpt lat="41.9357363" lon="9.1420849"><ele>600.7</ele></trkpt>
      <trkpt lat="41.9358569" lon="9.1420108"><ele>601.4</ele></trkpt>
      <trkpt lat="41.9359702" lon="9.1418910"><ele>602.0</ele></trkpt>
      <trkpt lat="41.9360691" lon="9.1417187"><ele>602.2</ele></trkpt>
      <trkpt lat="41.9368198" lon="9.1400163"><ele>608.7</ele></trkpt>
      <trkpt lat="41.9370348" lon="9.1396320"><ele>606.8</ele></trkpt>
      <trkpt lat="41.9367701" lon="9.1391866"><ele>618.2</ele></trkpt>
      <trkpt lat="41.9366623" lon="9.1390933"><ele>620.7</ele></trkpt>
      <trkpt lat="41.9364577" lon="9.1390084"><ele>621.5</ele></trkpt>
      <trkpt lat="41.9364530" lon="9.1389486"><ele>622.4</ele></trkpt>
      <trkpt lat="41.9364051" lon="9.1388614"><ele>623.4</ele></trkpt>
      <trkpt lat="41.9362859" lon="9.1388236"><ele>623.3</ele></trkpt>
      <trkpt lat="41.9362445" lon="9.1388254"><ele>623.0</ele></trkpt>
      <trkpt lat="41.9361087" lon="9.1388311"><ele>622.2</ele></trkpt>
      <trkpt lat="41.9360221" lon="9.1387410"><ele>623.4</ele></trkpt>
      <trkpt lat="41.9360340" lon="9.1386844"><ele>624.4</ele></trkpt>
      <trkpt lat="41.9360863" lon="9.1385988"><ele>626.1</ele></trkpt>
      <trkpt lat="41.9361437" lon="9.1384336"><ele>629.1</ele></trkpt>
      <trkpt lat="41.9361131" lon="9.1381651"><ele>633.8</ele></trkpt>
      <trkpt lat="41.9359570" lon="9.1379191"><ele>637.3</ele></trkpt>
      <trkpt lat="41.9357702" lon="9.1376285"><ele>640.7</ele></trkpt>
      <trkpt lat="41.9355640" lon="9.1366255"><ele>651.5</ele></trkpt>
      <trkpt lat="41.9353997" lon="9.1360084"><ele>653.0</ele></trkpt>
      <trkpt lat="41.9353995" lon="9.1358238"><ele>652.7</ele></trkpt>
      <trkpt lat="41.9354559" lon="9.1356854"><ele>652.0</ele></trkpt>
      <trkpt lat="41.9358813" lon="9.1348161"><ele>644.1</ele></trkpt>
      <trkpt lat="41.9359805" lon="9.1345771"><ele>643.6</ele></trkpt>
      <trkpt lat="41.9361095" lon="9.1344315"><ele>643.7</ele></trkpt>
      <trkpt lat="41.9363815" lon="9.1346386"><ele>646.2</ele></trkpt>
      <trkpt lat="41.9365755" lon="9.1346281"><ele>648.6</ele></trkpt>
      <trkpt lat="41.9366568" lon="9.1345820"><ele>649.8</ele></trkpt>
      <trkpt lat="41.9368139" lon="9.1343312"><ele>652.2</ele></trkpt>
      <trkpt lat="41.9368251" lon="9.1339611"><ele>653.1</ele></trkpt>
      <trkpt lat="41.9368754" lon="9.1338089"><ele>654.7</ele></trkpt>
      <trkpt lat="41.9370366" lon="9.1336620"><ele>658.8</ele></trkpt>
      <trkpt lat="41.9371696" lon="9.1335625"><ele>662.3</ele></trkpt>
      <trkpt lat="41.9373289" lon="9.1332194"><ele>667.4</ele></trkpt>
      <trkpt lat="41.9376206" lon="9.1327567"><ele>675.5</ele></trkpt>
      <trkpt lat="41.9376800" lon="9.1325540"><ele>677.2</ele></trkpt>
      <trkpt lat="41.9376901" lon="9.1324040"><ele>677.8</ele></trkpt>
      <trkpt lat="41.9376575" lon="9.1322023"><ele>678.0</ele></trkpt>
      <trkpt lat="41.9376839" lon="9.1321476"><ele>678.5</ele></trkpt>
      <trkpt lat="41.9378174" lon="9.1321615"><ele>680.3</ele></trkpt>
      <trkpt lat="41.9379734" lon="9.1320563"><ele>682.2</ele></trkpt>
      <trkpt lat="41.9384282" lon="9.1315435"><ele>685.5</ele></trkpt>
      <trkpt lat="41.9385577" lon="9.1314550"><ele>688.0</ele></trkpt>
      <trkpt lat="41.9387258" lon="9.1314418"><ele>689.3</ele></trkpt>
      <trkpt lat="41.9388395" lon="9.1311667"><ele>691.9</ele></trkpt>
      <trkpt lat="41.9387727" lon="9.1311125"><ele>690.7</ele></trkpt>
      <trkpt lat="41.9387978" lon="9.1308661"><ele>702.1</ele></trkpt>
      <trkpt lat="41.9389940" lon="9.1308438"><ele>708.4</ele></trkpt>
      <trkpt lat="41.9393007" lon="9.1306454"><ele>719.7</ele></trkpt>
      <trkpt lat="41.9394480" lon="9.1304259"><ele>725.4</ele></trkpt>
      <trkpt lat="41.9394688" lon="9.1302780"><ele>727.8</ele></trkpt>
      <trkpt lat="41.9396883" lon="9.1299919"><ele>735.3</ele></trkpt>
      <trkpt lat="41.9397099" lon="9.1298574"><ele>737.4</ele></trkpt>
      <trkpt lat="41.9398544" lon="9.1297725"><ele>741.0</ele></trkpt>
      <trkpt lat="41.9400029" lon="9.1292425"><ele>750.5</ele></trkpt>
      <trkpt lat="41.9399990" lon="9.1288952"><ele>754.2</ele></trkpt>
      <trkpt lat="41.9400587" lon="9.1288820"><ele>755.5</ele></trkpt>
      <trkpt lat="41.9400454" lon="9.1287692"><ele>756.4</ele></trkpt>
      <trkpt lat="41.9401252" lon="9.1285486"><ele>759.6</ele></trkpt>
      <trkpt lat="41.9400945" lon="9.1282516"><ele>760.4</ele></trkpt>
      <trkpt lat="41.9402076" lon="9.1279906"><ele>762.9</ele></trkpt>
      <trkpt lat="41.9402782" lon="9.1281940"><ele>764.0</ele></trkpt>
      <trkpt lat="41.9404591" lon="9.1283337"><ele>767.5</ele></trkpt>
      <trkpt lat="41.9406954" lon="9.1283568"><ele>772.8</ele></trkpt>
      <trkpt lat="41.9408426" lon="9.1284374"><ele>776.0</ele></trkpt>
      <trkpt lat="41.9409668" lon="9.1284439"><ele>778.6</ele></trkpt>
      <trkpt lat="41.9410121" lon="9.1284243"><ele>779.4</ele></trkpt>
      <trkpt lat="41.9410468" lon="9.1283547"><ele>779.8</ele></trkpt>
      <trkpt lat="41.9411025" lon="9.1282058"><ele>780.2</ele></trkpt>
      <trkpt lat="41.9412603" lon="9.1281226"><ele>782.0</ele></trkpt>
      <trkpt lat="41.9413987" lon="9.1281269"><ele>783.5</ele></trkpt>
      <trkpt lat="41.9418290" lon="9.1279703"><ele>786.5</ele></trkpt>
      <trkpt lat="41.9419098" lon="9.1278362"><ele>786.5</ele></trkpt>
      <trkpt lat="41.9419238" lon="9.1275975"><ele>785.8</ele></trkpt>
      <trkpt lat="41.9419597" lon="9.1274044"><ele>785.6</ele></trkpt>
      <trkpt lat="41.9421063" lon="9.1269846"><ele>786.7</ele></trkpt>
      <trkpt lat="41.9422051" lon="9.1269135"><ele>788.2</ele></trkpt>
      <trkpt lat="41.9423757" lon="9.1269484"><ele>790.9</ele></trkpt>
      <trkpt lat="41.9424941" lon="9.1267030"><ele>794.9</ele></trkpt>
      <trkpt lat="41.9424393" lon="9.1261025"><ele>795.5</ele></trkpt>
      <trkpt lat="41.9424091" lon="9.1256690"><ele>795.2</ele></trkpt>
      <trkpt lat="41.9423817" lon="9.1253546"><ele>794.3</ele></trkpt>
      <trkpt lat="41.9423781" lon="9.1250172"><ele>794.5</ele></trkpt>
      <trkpt lat="41.9423965" lon="9.1248308"><ele>795.7</ele></trkpt>
      <trkpt lat="41.9424291" lon="9.1247075"><ele>797.8</ele></trkpt>
      <trkpt lat="41.9424760" lon="9.1246280"><ele>800.1</ele></trkpt>
      <trkpt lat="41.9425284" lon="9.1245566"><ele>802.5</ele></trkpt>
      <trkpt lat="41.9425572" lon="9.1244932"><ele>804.1</ele></trkpt>
      <trkpt lat="41.9425718" lon="9.1243950"><ele>805.4</ele></trkpt>
      <trkpt lat="41.9425595" lon="9.1242909"><ele>805.6</ele></trkpt>
      <trkpt lat="41.9425290" lon="9.1242059"><ele>805.1</ele></trkpt>
      <trkpt lat="41.9424708" lon="9.1241053"><ele>803.8</ele></trkpt>
      <trkpt lat="41.9424002" lon="9.1240225"><ele>802.0</ele></trkpt>
      <trkpt lat="41.9422930" lon="9.1239262"><ele>799.1</ele></trkpt>
      <trkpt lat="41.9421983" lon="9.1238670"><ele>796.3</ele></trkpt>
      <trkpt lat="41.9421661" lon="9.1238469"><ele>795.4</ele></trkpt>
      <trkpt lat="41.9420007" lon="9.1237061"><ele>791.3</ele></trkpt>
      <trkpt lat="41.9419392" lon="9.1236084"><ele>790.4</ele></trkpt>
      <trkpt lat="41.9418722" lon="9.1234543"><ele>789.8</ele></trkpt>
      <trkpt lat="41.9418339" lon="9.1232892"><ele>790.4</ele></trkpt>
      <trkpt lat="41.9418246" lon="9.1231537"><ele>791.5</ele></trkpt>
      <trkpt lat="41.9418368" lon="9.1230154"><ele>793.2</ele></trkpt>
      <trkpt lat="41.9418442" lon="9.1229320"><ele>794.3</ele></trkpt>
      <trkpt lat="41.9418833" lon="9.1227140"><ele>797.4</ele></trkpt>
      <trkpt lat="41.9419326" lon="9.1225642"><ele>800.3</ele></trkpt>
      <trkpt lat="41.9419502" lon="9.1225138"><ele>801.2</ele></trkpt>
      <trkpt lat="41.9419998" lon="9.1223720"><ele>803.9</ele></trkpt>
      <trkpt lat="41.9420063" lon="9.1222969"><ele>805.0</ele></trkpt>
      <trkpt lat="41.9419868" lon="9.1222368"><ele>805.3</ele></trkpt>
      <trkpt lat="41.9419113" lon="9.1221654"><ele>804.7</ele></trkpt>
      <trkpt lat="41.9418191" lon="9.1221504"><ele>803.1</ele></trkpt>
      <trkpt lat="41.9416989" lon="9.1221729"><ele>800.3</ele></trkpt>
      <trkpt lat="41.9414836" lon="9.1222668"><ele>794.5</ele></trkpt>
      <trkpt lat="41.9413299" lon="9.1223157"><ele>790.7</ele></trkpt>
      <trkpt lat="41.9412794" lon="9.1223117"><ele>789.9</ele></trkpt>
      <trkpt lat="41.9411426" lon="9.1223007"><ele>787.9</ele></trkpt>
      <trkpt lat="41.9410169" lon="9.1222556"><ele>786.9</ele></trkpt>
      <trkpt lat="41.9408603" lon="9.1221954"><ele>786.1</ele></trkpt>
      <trkpt lat="41.9407541" lon="9.1221428"><ele>785.9</ele></trkpt>
      <trkpt lat="41.9406202" lon="9.1220406"><ele>786.6</ele></trkpt>
      <trkpt lat="41.9403907" lon="9.1218610"><ele>787.7</ele></trkpt>
      <trkpt lat="41.9399743" lon="9.1216092"><ele>788.9</ele></trkpt>
      <trkpt lat="41.9394488" lon="9.1214026"><ele>788.1</ele></trkpt>
      <trkpt lat="41.9388478" lon="9.1211658"><ele>786.1</ele></trkpt>
      <trkpt lat="41.9386214" lon="9.1210719"><ele>784.0</ele></trkpt>
      <trkpt lat="41.9384816" lon="9.1209779"><ele>782.3</ele></trkpt>
      <trkpt lat="41.9384227" lon="9.1209073"><ele>781.7</ele></trkpt>
      <trkpt lat="41.9382682" lon="9.1207799"><ele>779.4</ele></trkpt>
      <trkpt lat="41.9380410" lon="9.1206011"><ele>775.5</ele></trkpt>
      <trkpt lat="41.9379783" lon="9.1205093"><ele>774.3</ele></trkpt>
      <trkpt lat="41.9375562" lon="9.1199512"><ele>765.1</ele></trkpt>
      <trkpt lat="41.9374210" lon="9.1196870"><ele>761.4</ele></trkpt>
      <trkpt lat="41.9374345" lon="9.1195195"><ele>759.8</ele></trkpt>
      <trkpt lat="41.9373553" lon="9.1190189"><ele>752.8</ele></trkpt>
      <trkpt lat="41.9373871" lon="9.1187566"><ele>748.9</ele></trkpt>
      <trkpt lat="41.9371695" lon="9.1179233"><ele>734.2</ele></trkpt>
      <trkpt lat="41.9366980" lon="9.1169753"><ele>714.4</ele></trkpt>
      <trkpt lat="41.9366103" lon="9.1164392"><ele>698.9</ele></trkpt>
      <trkpt lat="41.9365401" lon="9.1163407"><ele>696.4</ele></trkpt>
      <trkpt lat="41.9362510" lon="9.1162138"><ele>693.3</ele></trkpt>
      <trkpt lat="41.9359853" lon="9.1157955"><ele>681.5</ele></trkpt>
      <trkpt lat="41.9356345" lon="9.1156981"><ele>678.4</ele></trkpt>
      <trkpt lat="41.9352339" lon="9.1156933"><ele>674.5</ele></trkpt>
      <trkpt lat="41.9353622" lon="9.1156126"><ele>674.0</ele></trkpt>
      <trkpt lat="41.9352325" lon="9.1155737"><ele>671.5</ele></trkpt>
      <trkpt lat="41.9346526" lon="9.1155864"><ele>660.4</ele></trkpt>
      <trkpt lat="41.9347221" lon="9.1155287"><ele>660.8</ele></trkpt>
      <trkpt lat="41.9347188" lon="9.1154521"><ele>659.1</ele></trkpt>
      <trkpt lat="41.9353689" lon="9.1150454"><ele>665.3</ele></trkpt>
      <trkpt lat="41.9350791" lon="9.1148436"><ele>662.5</ele></trkpt>
      <trkpt lat="41.9347321" lon="9.1149067"><ele>655.3</ele></trkpt>
      <trkpt lat="41.9345689" lon="9.1146943"><ele>654.6</ele></trkpt>
      <trkpt lat="41.9341569" lon="9.1147584"><ele>647.2</ele></trkpt>
      <trkpt lat="41.9340088" lon="9.1146490"><ele>645.4</ele></trkpt>
      <trkpt lat="41.9338877" lon="9.1142532"><ele>648.5</ele></trkpt>
      <trkpt lat="41.9337094" lon="9.1138931"><ele>648.5</ele></trkpt>
      <trkpt lat="41.9335126" lon="9.1136645"><ele>643.2</ele></trkpt>
      <trkpt lat="41.9333965" lon="9.1136404"><ele>639.7</ele></trkpt>
      <trkpt lat="41.9332277" lon="9.1138410"><ele>641.5</ele></trkpt>
      <trkpt lat="41.9327029" lon="9.1138735"><ele>638.6</ele></trkpt>
      <trkpt lat="41.9324291" lon="9.1138402"><ele>638.1</ele></trkpt>
      <trkpt lat="41.9323845" lon="9.1137794"><ele>638.7</ele></trkpt>
      <trkpt lat="41.9323731" lon="9.1137291"><ele>639.2</ele></trkpt>
      <trkpt lat="41.9322977" lon="9.1136574"><ele>639.8</ele></trkpt>
      <trkpt lat="41.9322456" lon="9.1136443"><ele>640.0</ele></trkpt>
      <trkpt lat="41.9322099" lon="9.1136010"><ele>640.6</ele></trkpt>
      <trkpt lat="41.9321661" lon="9.1135158"><ele>641.7</ele></trkpt>
      <trkpt lat="41.9321039" lon="9.1134709"><ele>642.4</ele></trkpt>
      <trkpt lat="41.9320382" lon="9.1133873"><ele>643.8</ele></trkpt>
      <trkpt lat="41.9320175" lon="9.1132573"><ele>645.6</ele></trkpt>
      <trkpt lat="41.9319588" lon="9.1132480"><ele>646.2</ele></trkpt>
      <trkpt lat="41.9318701" lon="9.1132093"><ele>647.5</ele></trkpt>
      <trkpt lat="41.9318470" lon="9.1131133"><ele>649.0</ele></trkpt>
      <trkpt lat="41.9317581" lon="9.1129893"><ele>652.1</ele></trkpt>
      <trkpt lat="41.9318033" lon="9.1129598"><ele>651.7</ele></trkpt>
      <trkpt lat="41.9318292" lon="9.1129133"><ele>651.9</ele></trkpt>
      <trkpt lat="41.9318430" lon="9.1128390"><ele>652.8</ele></trkpt>
      <trkpt lat="41.9318465" lon="9.1127461"><ele>654.0</ele></trkpt>
      <trkpt lat="41.9318522" lon="9.1126615"><ele>655.0</ele></trkpt>
      <trkpt lat="41.9318584" lon="9.1125636"><ele>656.3</ele></trkpt>
      <trkpt lat="41.9319401" lon="9.1121933"><ele>660.1</ele></trkpt>
      <trkpt lat="41.9319996" lon="9.1120082"><ele>661.9</ele></trkpt>
      <trkpt lat="41.9320560" lon="9.1118995"><ele>662.8</ele></trkpt>
      <trkpt lat="41.9328016" lon="9.1112147"><ele>668.2</ele></trkpt>
      <trkpt lat="41.9331454" lon="9.1109489"><ele>673.7</ele></trkpt>
      <trkpt lat="41.9333498" lon="9.1108847"><ele>674.6</ele></trkpt>
      <trkpt lat="41.9336322" lon="9.1108717"><ele>674.0</ele></trkpt>
      <trkpt lat="41.9337234" lon="9.1108578"><ele>674.1</ele></trkpt>
      <trkpt lat="41.9337972" lon="9.1108142"><ele>675.0</ele></trkpt>
      <trkpt lat="41.9339952" lon="9.1106267"><ele>678.7</ele></trkpt>
      <trkpt lat="41.9342160" lon="9.1104485"><ele>680.9</ele></trkpt>
      <trkpt lat="41.9345505" lon="9.1102289"><ele>679.4</ele></trkpt>
      <trkpt lat="41.9347378" lon="9.1100505"><ele>679.0</ele></trkpt>
      <trkpt lat="41.9351638" lon="9.1094862"><ele>682.9</ele></trkpt>
      <trkpt lat="41.9352380" lon="9.1093760"><ele>685.1</ele></trkpt>
      <trkpt lat="41.9352848" lon="9.1093330"><ele>685.8</ele></trkpt>
      <trkpt lat="41.9353301" lon="9.1093147"><ele>685.6</ele></trkpt>
      <trkpt lat="41.9354112" lon="9.1090608"><ele>684.9</ele></trkpt>
      <trkpt lat="41.9355708" lon="9.1084419"><ele>696.1</ele></trkpt>
      <trkpt lat="41.9356632" lon="9.1081368"><ele>698.4</ele></trkpt>
      <trkpt lat="41.9356738" lon="9.1076379"><ele>700.3</ele></trkpt>
      <trkpt lat="41.9355476" lon="9.1073534"><ele>705.6</ele></trkpt>
      <trkpt lat="41.9356377" lon="9.1069080"><ele>710.3</ele></trkpt>
      <trkpt lat="41.9356210" lon="9.1062944"><ele>717.5</ele></trkpt>
      <trkpt lat="41.9356605" lon="9.1057844"><ele>729.3</ele></trkpt>
      <trkpt lat="41.9358724" lon="9.1054049"><ele>736.8</ele></trkpt>
      <trkpt lat="41.9360874" lon="9.1052248"><ele>739.2</ele></trkpt>
      <trkpt lat="41.9362545" lon="9.1051898"><ele>738.4</ele></trkpt>
      <trkpt lat="41.9367795" lon="9.1053947"><ele>725.8</ele></trkpt>
      <trkpt lat="41.9373169" lon="9.1052400"><ele>728.9</ele></trkpt>
      <trkpt lat="41.9376821" lon="9.1049396"><ele>735.1</ele></trkpt>
      <trkpt lat="41.9380503" lon="9.1051217"><ele>738.6</ele></trkpt>
      <trkpt lat="41.9384456" lon="9.1050227"><ele>744.2</ele></trkpt>
      <trkpt lat="41.9388339" lon="9.1050361"><ele>749.9</ele></trkpt>
      <trkpt lat="41.9393295" lon="9.1048602"><ele>757.9</ele></trkpt>
      <trkpt lat="41.9395385" lon="9.1048919"><ele>760.1</ele></trkpt>
      <trkpt lat="41.9396793" lon="9.1049087"><ele>761.7</ele></trkpt>
      <trkpt lat="41.9398050" lon="9.1048014"><ele>763.6</ele></trkpt>
      <trkpt lat="41.9399315" lon="9.1047277"><ele>765.6</ele></trkpt>
      <trkpt lat="41.9402086" lon="9.1045530"><ele>770.9</ele></trkpt>
      <trkpt lat="41.9403770" lon="9.1045368"><ele>774.0</ele></trkpt>
      <trkpt lat="41.9403936" lon="9.1044789"><ele>774.7</ele></trkpt>
      <trkpt lat="41.9404273" lon="9.1044305"><ele>775.7</ele></trkpt>
      <trkpt lat="41.9408235" lon="9.1043696"><ele>784.0</ele></trkpt>
      <trkpt lat="41.9410749" lon="9.1043857"><ele>788.7</ele></trkpt>
      <trkpt lat="41.9417641" lon="9.1040044"><ele>803.4</ele></trkpt>
      <trkpt lat="41.9420944" lon="9.1042281"><ele>807.2</ele></trkpt>
      <trkpt lat="41.9421048" lon="9.1042066"><ele>807.4</ele></trkpt>
      <trkpt lat="41.9420799" lon="9.1041557"><ele>807.3</ele></trkpt>
      <trkpt lat="41.9421047" lon="9.1041353"><ele>807.7</ele></trkpt>
      <trkpt lat="41.9421891" lon="9.1042105"><ele>808.4</ele></trkpt>
      <trkpt lat="41.9421944" lon="9.1042741"><ele>808.2</ele></trkpt>
      <trkpt lat="41.9421852" lon="9.1043200"><ele>807.9</ele></trkpt>
      <trkpt lat="41.9421668" lon="9.1043783"><ele>807.4</ele></trkpt>
      <trkpt lat="41.9421340" lon="9.1044419"><ele>806.9</ele></trkpt>
      <trkpt lat="41.9420854" lon="9.1044755"><ele>806.2</ele></trkpt>
      <trkpt lat="41.9420184" lon="9.1044772"><ele>805.4</ele></trkpt>
      <trkpt lat="41.9419461" lon="9.1044702"><ele>804.5</ele></trkpt>
      <trkpt lat="41.9418581" lon="9.1044649"><ele>803.2</ele></trkpt>
      <trkpt lat="41.9418095" lon="9.1044755"><ele>802.4</ele></trkpt>
      <trkpt lat="41.9417504" lon="9.1045125"><ele>801.5</ele></trkpt>
      <trkpt lat="41.9417044" lon="9.1045620"><ele>800.7</ele></trkpt>
      <trkpt lat="41.9416729" lon="9.1045973"><ele>800.2</ele></trkpt>
      <trkpt lat="41.9416492" lon="9.1046662"><ele>799.7</ele></trkpt>
      <trkpt lat="41.9416387" lon="9.1047457"><ele>799.5</ele></trkpt>
      <trkpt lat="41.9416387" lon="9.1048163"><ele>799.7</ele></trkpt>
      <trkpt lat="41.9416532" lon="9.1048975"><ele>800.2</ele></trkpt>
      <trkpt lat="41.9416676" lon="9.1049841"><ele>800.7</ele></trkpt>
      <trkpt lat="41.9416821" lon="9.1050530"><ele>801.2</ele></trkpt>
      <trkpt lat="41.9416860" lon="9.1051201"><ele>801.5</ele></trkpt>
      <trkpt lat="41.9416742" lon="9.1052031"><ele>801.5</ele></trkpt>
      <trkpt lat="41.9416506" lon="9.1052631"><ele>801.3</ele></trkpt>
      <trkpt lat="41.9416072" lon="9.1053214"><ele>800.6</ele></trkpt>
      <trkpt lat="41.9415573" lon="9.1053762"><ele>799.6</ele></trkpt>
      <trkpt lat="41.9415153" lon="9.1054062"><ele>798.8</ele></trkpt>
      <trkpt lat="41.9414102" lon="9.1054715"><ele>796.5</ele></trkpt>
      <trkpt lat="41.9413379" lon="9.1055422"><ele>794.9</ele></trkpt>
      <trkpt lat="41.9412919" lon="9.1056022"><ele>794.0</ele></trkpt>
      <trkpt lat="41.9412722" lon="9.1056623"><ele>793.6</ele></trkpt>
      <trkpt lat="41.9412683" lon="9.1057417"><ele>793.4</ele></trkpt>
      <trkpt lat="41.9412722" lon="9.1057929"><ele>793.4</ele></trkpt>
      <trkpt lat="41.9412867" lon="9.1058601"><ele>793.7</ele></trkpt>
      <trkpt lat="41.9413432" lon="9.1060049"><ele>794.6</ele></trkpt>
      <trkpt lat="41.9413839" lon="9.1060790"><ele>795.2</ele></trkpt>
      <trkpt lat="41.9414312" lon="9.1061462"><ele>795.9</ele></trkpt>
      <trkpt lat="41.9414719" lon="9.1061850"><ele>796.5</ele></trkpt>
      <trkpt lat="41.9415074" lon="9.1062044"><ele>797.0</ele></trkpt>
      <trkpt lat="41.9415665" lon="9.1062168"><ele>797.8</ele></trkpt>
      <trkpt lat="41.9416282" lon="9.1062168"><ele>798.7</ele></trkpt>
      <trkpt lat="41.9418410" lon="9.1061691"><ele>802.1</ele></trkpt>
      <trkpt lat="41.9420735" lon="9.1061267"><ele>805.6</ele></trkpt>
      <trkpt lat="41.9422916" lon="9.1060985"><ele>808.3</ele></trkpt>
      <trkpt lat="41.9423757" lon="9.1060914"><ele>809.1</ele></trkpt>
      <trkpt lat="41.9424690" lon="9.1061002"><ele>809.9</ele></trkpt>
      <trkpt lat="41.9425951" lon="9.1061320"><ele>810.8</ele></trkpt>
      <trkpt lat="41.9426870" lon="9.1061779"><ele>811.3</ele></trkpt>
      <trkpt lat="41.9428026" lon="9.1062274"><ele>811.9</ele></trkpt>
      <trkpt lat="41.9428946" lon="9.1062362"><ele>812.5</ele></trkpt>
      <trkpt lat="41.9429721" lon="9.1062221"><ele>813.1</ele></trkpt>
      <trkpt lat="41.9430942" lon="9.1061515"><ele>814.2</ele></trkpt>
      <trkpt lat="41.9435093" lon="9.1059325"><ele>818.2</ele></trkpt>
      <trkpt lat="41.9436764" lon="9.1058269"><ele>820.5</ele></trkpt>
      <trkpt lat="41.9437645" lon="9.1057444"><ele>822.0</ele></trkpt>
      <trkpt lat="41.9438967" lon="9.1056208"><ele>824.0</ele></trkpt>
      <trkpt lat="41.9439561" lon="9.1055486"><ele>825.1</ele></trkpt>
      <trkpt lat="41.9439983" lon="9.1054456"><ele>826.2</ele></trkpt>
      <trkpt lat="41.9440193" lon="9.1053451"><ele>827.1</ele></trkpt>
      <trkpt lat="41.9440443" lon="9.1050669"><ele>829.3</ele></trkpt>
      <trkpt lat="41.9440563" lon="9.1049528"><ele>830.3</ele></trkpt>
      <trkpt lat="41.9440635" lon="9.1047751"><ele>832.1</ele></trkpt>
      <trkpt lat="41.9440994" lon="9.1043403"><ele>838.1</ele></trkpt>
      <trkpt lat="41.9441013" lon="9.1041623"><ele>840.9</ele></trkpt>
      <trkpt lat="41.9440909" lon="9.1040658"><ele>842.3</ele></trkpt>
      <trkpt lat="41.9440835" lon="9.1040053"><ele>843.2</ele></trkpt>
      <trkpt lat="41.9440387" lon="9.1039340"><ele>843.7</ele></trkpt>
      <trkpt lat="41.9439123" lon="9.1038251"><ele>843.6</ele></trkpt>
      <trkpt lat="41.9438267" lon="9.1037723"><ele>843.0</ele></trkpt>
      <trkpt lat="41.9437452" lon="9.1036879"><ele>843.2</ele></trkpt>
      <trkpt lat="41.9437124" lon="9.1036118"><ele>844.1</ele></trkpt>
      <trkpt lat="41.9436560" lon="9.1035983"><ele>843.4</ele></trkpt>
      <trkpt lat="41.9436076" lon="9.1035904"><ele>842.7</ele></trkpt>
      <trkpt lat="41.9434550" lon="9.1035656"><ele>840.3</ele></trkpt>
      <trkpt lat="41.9433298" lon="9.1035582"><ele>838.1</ele></trkpt>
      <trkpt lat="41.9431203" lon="9.1035207"><ele>835.0</ele></trkpt>
      <trkpt lat="41.9430607" lon="9.1034821"><ele>834.9</ele></trkpt>
      <trkpt lat="41.9429894" lon="9.1034093"><ele>835.4</ele></trkpt>
      <trkpt lat="41.9429029" lon="9.1032692"><ele>837.2</ele></trkpt>
      <trkpt lat="41.9428350" lon="9.1031907"><ele>837.7</ele></trkpt>
      <trkpt lat="41.9427465" lon="9.1031284"><ele>837.1</ele></trkpt>
      <trkpt lat="41.9424689" lon="9.1029795"><ele>833.5</ele></trkpt>
      <trkpt lat="41.9423542" lon="9.1028588"><ele>832.9</ele></trkpt>
      <trkpt lat="41.9422874" lon="9.1027448"><ele>833.1</ele></trkpt>
      <trkpt lat="41.9422181" lon="9.1025517"><ele>834.2</ele></trkpt>
      <trkpt lat="41.9421866" lon="9.1024297"><ele>834.9</ele></trkpt>
      <trkpt lat="41.9421382" lon="9.1019234"><ele>839.0</ele></trkpt>
      <trkpt lat="41.9421482" lon="9.1013313"><ele>844.7</ele></trkpt>
      <trkpt lat="41.9421323" lon="9.1012267"><ele>844.9</ele></trkpt>
      <trkpt lat="41.9420619" lon="9.1009826"><ele>845.1</ele></trkpt>
      <trkpt lat="41.9419861" lon="9.1006296"><ele>847.3</ele></trkpt>
      <trkpt lat="41.9419495" lon="9.1005779"><ele>846.9</ele></trkpt>
      <trkpt lat="41.9419193" lon="9.1005635"><ele>846.3</ele></trkpt>
      <trkpt lat="41.9417986" lon="9.1005689"><ele>843.1</ele></trkpt>
      <trkpt lat="41.9417382" lon="9.1005555"><ele>841.7</ele></trkpt>
      <trkpt lat="41.9416290" lon="9.1004710"><ele>840.5</ele></trkpt>
      <trkpt lat="41.9415602" lon="9.1003932"><ele>840.2</ele></trkpt>
      <trkpt lat="41.9415355" lon="9.1003453"><ele>840.4</ele></trkpt>
      <trkpt lat="41.9415003" lon="9.1002420"><ele>841.2</ele></trkpt>
      <trkpt lat="41.9414654" lon="9.1001692"><ele>841.7</ele></trkpt>
      <trkpt lat="41.9414195" lon="9.1000834"><ele>842.2</ele></trkpt>
      <trkpt lat="41.9410534" lon="9.0998259"><ele>838.2</ele></trkpt>
      <trkpt lat="41.9409712" lon="9.0997571"><ele>837.3</ele></trkpt>
      <trkpt lat="41.9405889" lon="9.0991917"><ele>836.8</ele></trkpt>
      <trkpt lat="41.9405415" lon="9.0991030"><ele>836.8</ele></trkpt>
      <trkpt lat="41.9404594" lon="9.0989690"><ele>836.8</ele></trkpt>
      <trkpt lat="41.9402973" lon="9.0988228"><ele>834.7</ele></trkpt>
      <trkpt lat="41.9402060" lon="9.0987162"><ele>834.1</ele></trkpt>
      <trkpt lat="41.9401486" lon="9.0985820"><ele>835.1</ele></trkpt>
      <trkpt lat="41.9400598" lon="9.0983138"><ele>837.7</ele></trkpt>
      <trkpt lat="41.9399735" lon="9.0981086"><ele>839.7</ele></trkpt>
      <trkpt lat="41.9398768" lon="9.0979350"><ele>840.7</ele></trkpt>
      <trkpt lat="41.9396962" lon="9.0973663"><ele>847.9</ele></trkpt>
      <trkpt lat="41.9396473" lon="9.0971102"><ele>852.1</ele></trkpt>
      <trkpt lat="41.9395785" lon="9.0969935"><ele>853.6</ele></trkpt>
      <trkpt lat="41.9394269" lon="9.0969747"><ele>852.5</ele></trkpt>
      <trkpt lat="41.9393191" lon="9.0969211"><ele>853.4</ele></trkpt>
      <trkpt lat="41.9391785" lon="9.0967756"><ele>856.6</ele></trkpt>
      <trkpt lat="41.9390887" lon="9.0965724"><ele>860.0</ele></trkpt>
      <trkpt lat="41.9389740" lon="9.0963525"><ele>865.9</ele></trkpt>
      <trkpt lat="41.9389171" lon="9.0963136"><ele>867.2</ele></trkpt>
      <trkpt lat="41.9388290" lon="9.0963388"><ele>867.6</ele></trkpt>
      <trkpt lat="41.9387655" lon="9.0964356"><ele>866.2</ele></trkpt>
      <trkpt lat="41.9385031" lon="9.0969439"><ele>864.5</ele></trkpt>
      <trkpt lat="41.9382557" lon="9.0969962"><ele>870.0</ele></trkpt>
      <trkpt lat="41.9379824" lon="9.0970753"><ele>876.2</ele></trkpt>
      <trkpt lat="41.9374546" lon="9.0970874"><ele>886.0</ele></trkpt>
      <trkpt lat="41.9372491" lon="9.0971290"><ele>887.4</ele></trkpt>
      <trkpt lat="41.9370755" lon="9.0972510"><ele>887.0</ele></trkpt>
      <trkpt lat="41.9369778" lon="9.0972818"><ele>887.5</ele></trkpt>
      <trkpt lat="41.9368730" lon="9.0972081"><ele>890.0</ele></trkpt>
      <trkpt lat="41.9366775" lon="9.0970606"><ele>895.0</ele></trkpt>
      <trkpt lat="41.9365378" lon="9.0969868"><ele>897.9</ele></trkpt>
      <trkpt lat="41.9362914" lon="9.0969747"><ele>900.3</ele></trkpt>
      <trkpt lat="41.9360021" lon="9.0969694"><ele>901.7</ele></trkpt>
      <trkpt lat="41.9357307" lon="9.0970740"><ele>899.9</ele></trkpt>
      <trkpt lat="41.9356220" lon="9.0970150"><ele>899.9</ele></trkpt>
      <trkpt lat="41.9354584" lon="9.0968379"><ele>900.8</ele></trkpt>
      <trkpt lat="41.9353586" lon="9.0965898"><ele>903.4</ele></trkpt>
      <trkpt lat="41.9352538" lon="9.0961660"><ele>909.3</ele></trkpt>
      <trkpt lat="41.9352040" lon="9.0960725"><ele>910.3</ele></trkpt>
      <trkpt lat="41.9351581" lon="9.0959863"><ele>911.3</ele></trkpt>
      <trkpt lat="41.9350573" lon="9.0958482"><ele>912.7</ele></trkpt>
      <trkpt lat="41.9345972" lon="9.0955281"><ele>915.0</ele></trkpt>
      <trkpt lat="41.9343470" lon="9.0953748"><ele>916.9</ele></trkpt>
      <trkpt lat="41.9338102" lon="9.0952340"><ele>917.6</ele></trkpt>
      <trkpt lat="41.9335260" lon="9.0951309"><ele>918.4</ele></trkpt>
      <trkpt lat="41.9334331" lon="9.0950972"><ele>918.4</ele></trkpt>
      <trkpt lat="41.9332136" lon="9.0949470"><ele>919.6</ele></trkpt>
      <trkpt lat="41.9330823" lon="9.0948201"><ele>920.3</ele></trkpt>
      <trkpt lat="41.9326122" lon="9.0939956"><ele>924.0</ele></trkpt>
      <trkpt lat="41.9320846" lon="9.0935628"><ele>916.4</ele></trkpt>
      <trkpt lat="41.9320264" lon="9.0934785"><ele>915.8</ele></trkpt>
      <trkpt lat="41.9320284" lon="9.0932035"><ele>918.2</ele></trkpt>
      <trkpt lat="41.9318647" lon="9.0926094"><ele>918.8</ele></trkpt>
      <trkpt lat="41.9318099" lon="9.0920569"><ele>921.0</ele></trkpt>
      <trkpt lat="41.9317955" lon="9.0919640"><ele>921.1</ele></trkpt>
      <trkpt lat="41.9315991" lon="9.0916270"><ele>915.1</ele></trkpt>
      <trkpt lat="41.9315657" lon="9.0915347"><ele>913.7</ele></trkpt>
      <trkpt lat="41.9315562" lon="9.0914204"><ele>913.0</ele></trkpt>
      <trkpt lat="41.9314716" lon="9.0912950"><ele>909.6</ele></trkpt>
      <trkpt lat="41.9314165" lon="9.0908592"><ele>904.4</ele></trkpt>
      <trkpt lat="41.9312974" lon="9.0908671"><ele>900.8</ele></trkpt>
      <trkpt lat="41.9311085" lon="9.0909827"><ele>896.7</ele></trkpt>
      <trkpt lat="41.9310556" lon="9.0910336"><ele>895.9</ele></trkpt>
      <trkpt lat="41.9310077" lon="9.0910202"><ele>894.6</ele></trkpt>
      <trkpt lat="41.9309718" lon="9.0909693"><ele>893.1</ele></trkpt>
      <trkpt lat="41.9309409" lon="9.0907735"><ele>890.0</ele></trkpt>
      <trkpt lat="41.9309568" lon="9.0906407"><ele>888.4</ele></trkpt>
      <trkpt lat="41.9309379" lon="9.0904261"><ele>884.8</ele></trkpt>
      <trkpt lat="41.9308990" lon="9.0903671"><ele>882.9</ele></trkpt>
      <trkpt lat="41.9308960" lon="9.0902960"><ele>881.7</ele></trkpt>
      <trkpt lat="41.9309489" lon="9.0901901"><ele>881.3</ele></trkpt>
      <trkpt lat="41.9309548" lon="9.0899782"><ele>877.7</ele></trkpt>
      <trkpt lat="41.9309928" lon="9.0898280"><ele>876.2</ele></trkpt>
      <trkpt lat="41.9310107" lon="9.0896094"><ele>873.0</ele></trkpt>
      <trkpt lat="41.9311235" lon="9.0894176"><ele>873.1</ele></trkpt>
      <trkpt lat="41.9311544" lon="9.0893224"><ele>872.4</ele></trkpt>
      <trkpt lat="41.9312761" lon="9.0890475"><ele>871.2</ele></trkpt>
      <trkpt lat="41.9312971" lon="9.0889469"><ele>870.0</ele></trkpt>
      <trkpt lat="41.9313461" lon="9.0887886"><ele>868.7</ele></trkpt>
      <trkpt lat="41.9313549" lon="9.0885749"><ele>864.8</ele></trkpt>
      <trkpt lat="41.9317287" lon="9.0876601"><ele>860.8</ele></trkpt>
      <trkpt lat="41.9317541" lon="9.0874119"><ele>858.5</ele></trkpt>
      <trkpt lat="41.9315362" lon="9.0868850"><ele>847.0</ele></trkpt>
      <trkpt lat="41.9313614" lon="9.0864834"><ele>840.1</ele></trkpt>
      <trkpt lat="41.9313312" lon="9.0863141"><ele>838.1</ele></trkpt>
      <trkpt lat="41.9313510" lon="9.0861709"><ele>837.6</ele></trkpt>
      <trkpt lat="41.9314651" lon="9.0860507"><ele>839.9</ele></trkpt>
      <trkpt lat="41.9317930" lon="9.0857584"><ele>846.3</ele></trkpt>
      <trkpt lat="41.9318318" lon="9.0856419"><ele>846.6</ele></trkpt>
      <trkpt lat="41.9317443" lon="9.0854068"><ele>840.4</ele></trkpt>
      <trkpt lat="41.9316346" lon="9.0853147"><ele>845.3</ele></trkpt>
      <trkpt lat="41.9311467" lon="9.0853022"><ele>845.5</ele></trkpt>
      <trkpt lat="41.9308010" lon="9.0851622"><ele>848.4</ele></trkpt>
      <trkpt lat="41.9306647" lon="9.0850443"><ele>849.6</ele></trkpt>
      <trkpt lat="41.9305658" lon="9.0845815"><ele>855.4</ele></trkpt>
      <trkpt lat="41.9304246" lon="9.0837808"><ele>861.3</ele></trkpt>
      <trkpt lat="41.9305346" lon="9.0831630"><ele>871.0</ele></trkpt>
      <trkpt lat="41.9305098" lon="9.0830256"><ele>872.4</ele></trkpt>
      <trkpt lat="41.9301172" lon="9.0823785"><ele>875.1</ele></trkpt>
      <trkpt lat="41.9300838" lon="9.0821892"><ele>878.4</ele></trkpt>
      <trkpt lat="41.9299656" lon="9.0821161"><ele>877.7</ele></trkpt>
      <trkpt lat="41.9296003" lon="9.0814555"><ele>884.6</ele></trkpt>
      <trkpt lat="41.9289707" lon="9.0812402"><ele>876.4</ele></trkpt>
      <trkpt lat="41.9289107" lon="9.0811378"><ele>877.5</ele></trkpt>
      <trkpt lat="41.9285948" lon="9.0809294"><ele>874.5</ele></trkpt>
      <trkpt lat="41.9284336" lon="9.0809387"><ele>869.2</ele></trkpt>
      <trkpt lat="41.9282167" lon="9.0810451"><ele>859.7</ele></trkpt>
      <trkpt lat="41.9280959" lon="9.0808541"><ele>858.3</ele></trkpt>
      <trkpt lat="41.9280368" lon="9.0803147"><ele>863.5</ele></trkpt>
      <trkpt lat="41.9281689" lon="9.0797034"><ele>873.4</ele></trkpt>
      <trkpt lat="41.9281385" lon="9.0793815"><ele>873.2</ele></trkpt>
      <trkpt lat="41.9283191" lon="9.0784291"><ele>886.1</ele></trkpt>
      <trkpt lat="41.9285014" lon="9.0779229"><ele>899.7</ele></trkpt>
      <trkpt lat="41.9285757" lon="9.0775619"><ele>906.8</ele></trkpt>
      <trkpt lat="41.9284668" lon="9.0773767"><ele>903.7</ele></trkpt>
      <trkpt lat="41.9283536" lon="9.0773099"><ele>899.1</ele></trkpt>
      <trkpt lat="41.9283492" lon="9.0771249"><ele>900.3</ele></trkpt>
      <trkpt lat="41.9282695" lon="9.0771861"><ele>894.6</ele></trkpt>
      <trkpt lat="41.9278999" lon="9.0772092"><ele>873.5</ele></trkpt>
      <trkpt lat="41.9278183" lon="9.0774229"><ele>874.9</ele></trkpt>
      <trkpt lat="41.9276861" lon="9.0775366"><ele>878.7</ele></trkpt>
      <trkpt lat="41.9273136" lon="9.0776954"><ele>886.3</ele></trkpt>
      <trkpt lat="41.9269939" lon="9.0779100"><ele>883.9</ele></trkpt>
      <trkpt lat="41.9265778" lon="9.0780353"><ele>886.6</ele></trkpt>
      <trkpt lat="41.9262869" lon="9.0776539"><ele>903.8</ele></trkpt>
      <trkpt lat="41.9261373" lon="9.0773347"><ele>916.2</ele></trkpt>
      <trkpt lat="41.9259530" lon="9.0771478"><ele>923.5</ele></trkpt>
      <trkpt lat="41.9255230" lon="9.0773409"><ele>919.9</ele></trkpt>
      <trkpt lat="41.9255475" lon="9.0773920"><ele>918.1</ele></trkpt>
      <trkpt lat="41.9251816" lon="9.0773666"><ele>921.7</ele></trkpt>
      <trkpt lat="41.9248928" lon="9.0774417"><ele>920.7</ele></trkpt>
      <trkpt lat="41.9245565" lon="9.0773305"><ele>921.9</ele></trkpt>
      <trkpt lat="41.9243542" lon="9.0767038"><ele>936.1</ele></trkpt>
      <trkpt lat="41.9242431" lon="9.0765964"><ele>937.3</ele></trkpt>
      <trkpt lat="41.9241670" lon="9.0762764"><ele>945.3</ele></trkpt>
      <trkpt lat="41.9240710" lon="9.0762343"><ele>944.4</ele></trkpt>
      <trkpt lat="41.9239254" lon="9.0759282"><ele>950.2</ele></trkpt>
      <trkpt lat="41.9238184" lon="9.0758211"><ele>951.2</ele></trkpt>
      <trkpt lat="41.9234338" lon="9.0758758"><ele>944.3</ele></trkpt>
      <trkpt lat="41.9233313" lon="9.0758079"><ele>945.9</ele></trkpt>
      <trkpt lat="41.9230889" lon="9.0754702"><ele>957.1</ele></trkpt>
      <trkpt lat="41.9228140" lon="9.0755933"><ele>955.5</ele></trkpt>
      <trkpt lat="41.9226514" lon="9.0758814"><ele>949.6</ele></trkpt>
      <trkpt lat="41.9224899" lon="9.0758080"><ele>954.4</ele></trkpt>
      <trkpt lat="41.9222030" lon="9.0758377"><ele>959.0</ele></trkpt>
      <trkpt lat="41.9218436" lon="9.0760885"><ele>959.1</ele></trkpt>
      <trkpt lat="41.9217847" lon="9.0763158"><ele>956.1</ele></trkpt>
      <trkpt lat="41.9214485" lon="9.0762901"><ele>954.0</ele></trkpt>
      <trkpt lat="41.9212027" lon="9.0762076"><ele>949.4</ele></trkpt>
      <trkpt lat="41.9208891" lon="9.0763122"><ele>938.2</ele></trkpt>
      <trkpt lat="41.9205736" lon="9.0765029"><ele>926.0</ele></trkpt>
      <trkpt lat="41.9203584" lon="9.0767450"><ele>915.6</ele></trkpt>
      <trkpt lat="41.9197706" lon="9.0769179"><ele>895.3</ele></trkpt>
      <trkpt lat="41.9193891" lon="9.0775392"><ele>878.4</ele></trkpt>
      <trkpt lat="41.9189219" lon="9.0777761"><ele>868.4</ele></trkpt>
      <trkpt lat="41.9188021" lon="9.0779699"><ele>865.2</ele></trkpt>
      <trkpt lat="41.9186838" lon="9.0780402"><ele>862.8</ele></trkpt>
      <trkpt lat="41.9185030" lon="9.0783175"><ele>856.8</ele></trkpt>
      <trkpt lat="41.9185025" lon="9.0784635"><ele>854.8</ele></trkpt>
      <trkpt lat="41.9183544" lon="9.0786720"><ele>848.9</ele></trkpt>
      <trkpt lat="41.9179429" lon="9.0788089"><ele>837.6</ele></trkpt>
      <trkpt lat="41.9177154" lon="9.0790080"><ele>828.6</ele></trkpt>
      <trkpt lat="41.9176567" lon="9.0791748"><ele>824.1</ele></trkpt>
      <trkpt lat="41.9175080" lon="9.0793344"><ele>817.5</ele></trkpt>
      <trkpt lat="41.9175250" lon="9.0794245"><ele>816.0</ele></trkpt>
      <trkpt lat="41.9173996" lon="9.0795343"><ele>810.6</ele></trkpt>
      <trkpt lat="41.9173360" lon="9.0798608"><ele>802.4</ele></trkpt>
      <trkpt lat="41.9173663" lon="9.0799583"><ele>801.1</ele></trkpt>
      <trkpt lat="41.9171418" lon="9.0807013"><ele>782.6</ele></trkpt>
      <trkpt lat="41.9172187" lon="9.0808663"><ele>780.0</ele></trkpt>
      <trkpt lat="41.9170525" lon="9.0812499"><ele>769.3</ele></trkpt>
      <trkpt lat="41.9170383" lon="9.0815087"><ele>762.5</ele></trkpt>
      <trkpt lat="41.9170765" lon="9.0816441"><ele>759.6</ele></trkpt>
      <trkpt lat="41.9171844" lon="9.0816335"><ele>760.4</ele></trkpt>
      <trkpt lat="41.9172128" lon="9.0816837"><ele>759.1</ele></trkpt>
      <trkpt lat="41.9170133" lon="9.0821259"><ele>745.3</ele></trkpt>
      <trkpt lat="41.9167320" lon="9.0823021"><ele>737.1</ele></trkpt>
      <trkpt lat="41.9166929" lon="9.0824389"><ele>733.3</ele></trkpt>
      <trkpt lat="41.9160136" lon="9.0825436"><ele>714.5</ele></trkpt>
      <trkpt lat="41.9159242" lon="9.0824967"><ele>712.3</ele></trkpt>
      <trkpt lat="41.9155808" lon="9.0826416"><ele>701.0</ele></trkpt>
      <trkpt lat="41.9152532" lon="9.0825321"><ele>693.1</ele></trkpt>
      <trkpt lat="41.9152298" lon="9.0826926"><ele>691.9</ele></trkpt>
      <trkpt lat="41.9150738" lon="9.0828656"><ele>688.1</ele></trkpt>
      <trkpt lat="41.9149514" lon="9.0831669"><ele>685.2</ele></trkpt>
      <trkpt lat="41.9148141" lon="9.0835263"><ele>682.0</ele></trkpt>
      <trkpt lat="41.9148052" lon="9.0836604"><ele>680.9</ele></trkpt>
      <trkpt lat="41.9146163" lon="9.0836203"><ele>678.4</ele></trkpt>
      <!-- Etape 4 : Guitera-les-Bains - Quasquara -->
      <trkpt lat="41.9143531" lon="9.0836797"><ele>674.7</ele></trkpt>
      <trkpt lat="41.9140231" lon="9.0833199"><ele>667.5</ele></trkpt>
      <trkpt lat="41.9138928" lon="9.0832733"><ele>664.0</ele></trkpt>
      <trkpt lat="41.9137500" lon="9.0831053"><ele>657.9</ele></trkpt>
      <trkpt lat="41.9137338" lon="9.0829359"><ele>653.0</ele></trkpt>
      <trkpt lat="41.9138240" lon="9.0830113"><ele>657.7</ele></trkpt>
      <trkpt lat="41.9138916" lon="9.0830219"><ele>659.9</ele></trkpt>
      <trkpt lat="41.9139617" lon="9.0830071"><ele>661.4</ele></trkpt>
      <trkpt lat="41.9140030" lon="9.0829756"><ele>661.2</ele></trkpt>
      <trkpt lat="41.9140576" lon="9.0829340"><ele>660.6</ele></trkpt>
      <trkpt lat="41.9143697" lon="9.0824551"><ele>672.1</ele></trkpt>
      <trkpt lat="41.9143887" lon="9.0824027"><ele>672.2</ele></trkpt>
      <trkpt lat="41.9144849" lon="9.0821736"><ele>676.5</ele></trkpt>
      <trkpt lat="41.9145400" lon="9.0820186"><ele>678.5</ele></trkpt>
      <trkpt lat="41.9146132" lon="9.0818780"><ele>680.6</ele></trkpt>
      <trkpt lat="41.9147443" lon="9.0815713"><ele>685.2</ele></trkpt>
      <trkpt lat="41.9149866" lon="9.0810182"><ele>691.4</ele></trkpt>
      <trkpt lat="41.9149904" lon="9.0809499"><ele>693.0</ele></trkpt>
      <trkpt lat="41.9149674" lon="9.0809016"><ele>694.1</ele></trkpt>
      <trkpt lat="41.9149275" lon="9.0808721"><ele>695.0</ele></trkpt>
      <trkpt lat="41.9148737" lon="9.0808978"><ele>694.3</ele></trkpt>
      <trkpt lat="41.9144282" lon="9.0812958"><ele>698.2</ele></trkpt>
      <trkpt lat="41.9143094" lon="9.0813015"><ele>700.1</ele></trkpt>
      <trkpt lat="41.9139582" lon="9.0812463"><ele>704.7</ele></trkpt>
      <trkpt lat="41.9137693" lon="9.0810548"><ele>711.5</ele></trkpt>
      <trkpt lat="41.9136085" lon="9.0805933"><ele>726.6</ele></trkpt>
      <trkpt lat="41.9132330" lon="9.0804262"><ele>729.4</ele></trkpt>
      <trkpt lat="41.9125915" lon="9.0797258"><ele>737.3</ele></trkpt>
      <trkpt lat="41.9125821" lon="9.0796072"><ele>739.7</ele></trkpt>
      <trkpt lat="41.9125556" lon="9.0794412"><ele>742.8</ele></trkpt>
      <trkpt lat="41.9124275" lon="9.0791725"><ele>746.2</ele></trkpt>
      <trkpt lat="41.9122424" lon="9.0790924"><ele>743.6</ele></trkpt>
      <trkpt lat="41.9121233" lon="9.0790250"><ele>742.5</ele></trkpt>
      <trkpt lat="41.9121603" lon="9.0787594"><ele>749.6</ele></trkpt>
      <trkpt lat="41.9119927" lon="9.0783655"><ele>755.5</ele></trkpt>
      <trkpt lat="41.9119914" lon="9.0780069"><ele>765.5</ele></trkpt>
      <trkpt lat="41.9118196" lon="9.0777047"><ele>768.0</ele></trkpt>
      <trkpt lat="41.9118368" lon="9.0773618"><ele>777.5</ele></trkpt>
      <trkpt lat="41.9117925" lon="9.0769829"><ele>785.6</ele></trkpt>
      <trkpt lat="41.9118680" lon="9.0765831"><ele>799.2</ele></trkpt>
      <trkpt lat="41.9117564" lon="9.0760625"><ele>807.7</ele></trkpt>
      <trkpt lat="41.9117569" lon="9.0757357"><ele>815.9</ele></trkpt>
      <trkpt lat="41.9116654" lon="9.0753785"><ele>821.9</ele></trkpt>
      <trkpt lat="41.9115175" lon="9.0751311"><ele>825.7</ele></trkpt>
      <trkpt lat="41.9116248" lon="9.0750478"><ele>829.8</ele></trkpt>
      <trkpt lat="41.9118116" lon="9.0751976"><ele>831.0</ele></trkpt>
      <trkpt lat="41.9120452" lon="9.0752688"><ele>837.7</ele></trkpt>
      <trkpt lat="41.9120755" lon="9.0752401"><ele>839.4</ele></trkpt>
      <trkpt lat="41.9119895" lon="9.0750171"><ele>840.8</ele></trkpt>
      <trkpt lat="41.9119131" lon="9.0746524"><ele>846.5</ele></trkpt>
      <trkpt lat="41.9117629" lon="9.0743605"><ele>850.5</ele></trkpt>
      <trkpt lat="41.9112029" lon="9.0740807"><ele>851.6</ele></trkpt>
      <trkpt lat="41.9110112" lon="9.0739059"><ele>854.1</ele></trkpt>
      <trkpt lat="41.9109107" lon="9.0737198"><ele>856.7</ele></trkpt>
      <trkpt lat="41.9109489" lon="9.0735532"><ele>860.9</ele></trkpt>
      <trkpt lat="41.9107923" lon="9.0730037"><ele>871.7</ele></trkpt>
      <trkpt lat="41.9107150" lon="9.0723892"><ele>886.2</ele></trkpt>
      <trkpt lat="41.9105419" lon="9.0720552"><ele>886.7</ele></trkpt>
      <trkpt lat="41.9104436" lon="9.0716854"><ele>888.9</ele></trkpt>
      <trkpt lat="41.9104342" lon="9.0707840"><ele>897.8</ele></trkpt>
      <trkpt lat="41.9105887" lon="9.0701445"><ele>907.4</ele></trkpt>
      <trkpt lat="41.9107940" lon="9.0696836"><ele>916.2</ele></trkpt>
      <trkpt lat="41.9109525" lon="9.0690933"><ele>920.7</ele></trkpt>
      <trkpt lat="41.9108743" lon="9.0687468"><ele>916.1</ele></trkpt>
      <trkpt lat="41.9110081" lon="9.0683196"><ele>920.3</ele></trkpt>
      <trkpt lat="41.9113086" lon="9.0679568"><ele>930.2</ele></trkpt>
      <trkpt lat="41.9114949" lon="9.0675733"><ele>937.4</ele></trkpt>
      <trkpt lat="41.9117541" lon="9.0672281"><ele>948.3</ele></trkpt>
      <trkpt lat="41.9118345" lon="9.0670484"><ele>952.9</ele></trkpt>
      <trkpt lat="41.9118000" lon="9.0667906"><ele>955.6</ele></trkpt>
      <trkpt lat="41.9116367" lon="9.0666375"><ele>953.7</ele></trkpt>
      <trkpt lat="41.9113772" lon="9.0661615"><ele>959.1</ele></trkpt>
      <trkpt lat="41.9109898" lon="9.0657987"><ele>959.8</ele></trkpt>
      <trkpt lat="41.9108810" lon="9.0655698"><ele>962.9</ele></trkpt>
      <trkpt lat="41.9108907" lon="9.0651336"><ele>976.5</ele></trkpt>
      <trkpt lat="41.9106253" lon="9.0645634"><ele>985.9</ele></trkpt>
      <trkpt lat="41.9105495" lon="9.0641862"><ele>995.2</ele></trkpt>
      <trkpt lat="41.9103413" lon="9.0636817"><ele>1004.8</ele></trkpt>
      <trkpt lat="41.9101998" lon="9.0634328"><ele>1008.9</ele></trkpt>
      <trkpt lat="41.9102221" lon="9.0633359"><ele>1012.8</ele></trkpt>
      <trkpt lat="41.9103153" lon="9.0633703"><ele>1014.6</ele></trkpt>
      <trkpt lat="41.9105180" lon="9.0633641"><ele>1021.6</ele></trkpt>
      <trkpt lat="41.9107911" lon="9.0634786"><ele>1027.3</ele></trkpt>
      <trkpt lat="41.9108032" lon="9.0634015"><ele>1029.8</ele></trkpt>
      <trkpt lat="41.9106170" lon="9.0629767"><ele>1034.4</ele></trkpt>
      <trkpt lat="41.9106733" lon="9.0628333"><ele>1039.0</ele></trkpt>
      <trkpt lat="41.9105277" lon="9.0626149"><ele>1039.1</ele></trkpt>
      <trkpt lat="41.9105595" lon="9.0622743"><ele>1044.1</ele></trkpt>
      <trkpt lat="41.9104719" lon="9.0622563"><ele>1042.9</ele></trkpt>
      <trkpt lat="41.9103987" lon="9.0621813"><ele>1042.4</ele></trkpt>
      <trkpt lat="41.9104681" lon="9.0620015"><ele>1044.7</ele></trkpt>
      <trkpt lat="41.9104245" lon="9.0618619"><ele>1044.7</ele></trkpt>
      <trkpt lat="41.9103789" lon="9.0616093"><ele>1044.7</ele></trkpt>
      <trkpt lat="41.9104345" lon="9.0612799"><ele>1044.9</ele></trkpt>
      <trkpt lat="41.9104575" lon="9.0611283"><ele>1044.7</ele></trkpt>
      <trkpt lat="41.9105613" lon="9.0607738"><ele>1044.4</ele></trkpt>
      <trkpt lat="41.9106866" lon="9.0602368"><ele>1042.8</ele></trkpt>
      <trkpt lat="41.9106912" lon="9.0598484"><ele>1039.6</ele></trkpt>
      <trkpt lat="41.9108950" lon="9.0593361"><ele>1035.2</ele></trkpt>
      <trkpt lat="41.9110705" lon="9.0591363"><ele>1033.0</ele></trkpt>
      <trkpt lat="41.9111286" lon="9.0589852"><ele>1031.1</ele></trkpt>
      <trkpt lat="41.9112684" lon="9.0587938"><ele>1028.8</ele></trkpt>
      <trkpt lat="41.9113551" lon="9.0585250"><ele>1024.6</ele></trkpt>
      <trkpt lat="41.9115148" lon="9.0582694"><ele>1021.8</ele></trkpt>
      <trkpt lat="41.9116656" lon="9.0576270"><ele>1010.3</ele></trkpt>
      <trkpt lat="41.9116929" lon="9.0573488"><ele>1004.0</ele></trkpt>
      <trkpt lat="41.9117681" lon="9.0570742"><ele>999.0</ele></trkpt>
      <trkpt lat="41.9120052" lon="9.0568029"><ele>998.8</ele></trkpt>
      <trkpt lat="41.9120525" lon="9.0566829"><ele>997.1</ele></trkpt>
      <trkpt lat="41.9119692" lon="9.0565104"><ele>990.8</ele></trkpt>
      <trkpt lat="41.9119643" lon="9.0563157"><ele>986.8</ele></trkpt>
      <trkpt lat="41.9119505" lon="9.0561998"><ele>984.3</ele></trkpt>
      <trkpt lat="41.9120109" lon="9.0560410"><ele>983.5</ele></trkpt>
      <trkpt lat="41.9118956" lon="9.0558737"><ele>978.6</ele></trkpt>
      <trkpt lat="41.9117488" lon="9.0558071"><ele>974.2</ele></trkpt>
      <trkpt lat="41.9116976" lon="9.0556878"><ele>971.8</ele></trkpt>
      <trkpt lat="41.9118039" lon="9.0555906"><ele>973.9</ele></trkpt>
      <trkpt lat="41.9119864" lon="9.0554193"><ele>978.1</ele></trkpt>
      <trkpt lat="41.9120548" lon="9.0552739"><ele>979.7</ele></trkpt>
      <trkpt lat="41.9120371" lon="9.0551320"><ele>979.5</ele></trkpt>
      <trkpt lat="41.9119117" lon="9.0550258"><ele>976.2</ele></trkpt>
      <trkpt lat="41.9118808" lon="9.0548297"><ele>975.9</ele></trkpt>
      <trkpt lat="41.9117348" lon="9.0544746"><ele>972.4</ele></trkpt>
      <trkpt lat="41.9116625" lon="9.0539701"><ele>970.4</ele></trkpt>
      <trkpt lat="41.9115828" lon="9.0536887"><ele>967.6</ele></trkpt>
      <trkpt lat="41.9113665" lon="9.0532579"><ele>961.7</ele></trkpt>
      <trkpt lat="41.9110695" lon="9.0530031"><ele>955.5</ele></trkpt>
      <trkpt lat="41.9109994" lon="9.0528457"><ele>953.8</ele></trkpt>
      <trkpt lat="41.9110943" lon="9.0526771"><ele>953.5</ele></trkpt>
      <trkpt lat="41.9109996" lon="9.0526283"><ele>952.2</ele></trkpt>
      <trkpt lat="41.9109630" lon="9.0525218"><ele>950.9</ele></trkpt>
      <trkpt lat="41.9109186" lon="9.0523240"><ele>948.6</ele></trkpt>
      <trkpt lat="41.9109250" lon="9.0522049"><ele>947.0</ele></trkpt>
      <trkpt lat="41.9109182" lon="9.0521806"><ele>946.6</ele></trkpt>
      <trkpt lat="41.9107110" lon="9.0516341"><ele>938.7</ele></trkpt>
      <trkpt lat="41.9106172" lon="9.0515032"><ele>937.6</ele></trkpt>
      <trkpt lat="41.9106046" lon="9.0512521"><ele>934.9</ele></trkpt>
      <trkpt lat="41.9106281" lon="9.0511398"><ele>933.3</ele></trkpt>
      <trkpt lat="41.9106209" lon="9.0509879"><ele>931.6</ele></trkpt>
      <trkpt lat="41.9105783" lon="9.0507449"><ele>929.7</ele></trkpt>
      <trkpt lat="41.9105825" lon="9.0505562"><ele>927.7</ele></trkpt>
      <trkpt lat="41.9106875" lon="9.0501262"><ele>921.6</ele></trkpt>
      <trkpt lat="41.9107559" lon="9.0500099"><ele>919.1</ele></trkpt>
      <trkpt lat="41.9107669" lon="9.0498470"><ele>917.5</ele></trkpt>
      <trkpt lat="41.9107992" lon="9.0497347"><ele>915.8</ele></trkpt>
      <trkpt lat="41.9107748" lon="9.0495546"><ele>915.0</ele></trkpt>
      <trkpt lat="41.9107711" lon="9.0492533"><ele>912.7</ele></trkpt>
      <trkpt lat="41.9107300" lon="9.0490324"><ele>912.2</ele></trkpt>
      <trkpt lat="41.9106710" lon="9.0488841"><ele>912.5</ele></trkpt>
      <trkpt lat="41.9106152" lon="9.0487406"><ele>912.9</ele></trkpt>
      <trkpt lat="41.9105782" lon="9.0485702"><ele>912.0</ele></trkpt>
      <trkpt lat="41.9104885" lon="9.0478976"><ele>903.5</ele></trkpt>
      <trkpt lat="41.9104424" lon="9.0477585"><ele>901.8</ele></trkpt>
      <trkpt lat="41.9102678" lon="9.0475805"><ele>902.5</ele></trkpt>
      <trkpt lat="41.9101613" lon="9.0474119"><ele>902.4</ele></trkpt>
      <trkpt lat="41.9100233" lon="9.0473324"><ele>905.1</ele></trkpt>
      <trkpt lat="41.9099155" lon="9.0471031"><ele>905.8</ele></trkpt>
      <trkpt lat="41.9099694" lon="9.0470400"><ele>903.4</ele></trkpt>
      <trkpt lat="41.9100178" lon="9.0469349"><ele>900.6</ele></trkpt>
      <trkpt lat="41.9100952" lon="9.0467235"><ele>896.3</ele></trkpt>
      <trkpt lat="41.9101113" lon="9.0465898"><ele>894.7</ele></trkpt>
      <trkpt lat="41.9100742" lon="9.0464969"><ele>895.7</ele></trkpt>
      <trkpt lat="41.9099694" lon="9.0464124"><ele>899.6</ele></trkpt>
      <trkpt lat="41.9099500" lon="9.0462862"><ele>900.2</ele></trkpt>
      <trkpt lat="41.9099488" lon="9.0461749"><ele>900.2</ele></trkpt>
      <trkpt lat="41.9099967" lon="9.0460074"><ele>897.9</ele></trkpt>
      <trkpt lat="41.9099784" lon="9.0459377"><ele>898.9</ele></trkpt>
      <trkpt lat="41.9099764" lon="9.0458719"><ele>899.1</ele></trkpt>
      <trkpt lat="41.9099265" lon="9.0456963"><ele>901.7</ele></trkpt>
      <trkpt lat="41.9098576" lon="9.0455742"><ele>904.8</ele></trkpt>
      <trkpt lat="41.9098337" lon="9.0454736"><ele>905.8</ele></trkpt>
      <trkpt lat="41.9097309" lon="9.0453838"><ele>910.6</ele></trkpt>
      <trkpt lat="41.9096996" lon="9.0453233"><ele>911.9</ele></trkpt>
      <trkpt lat="41.9097049" lon="9.0452255"><ele>911.3</ele></trkpt>
      <trkpt lat="41.9096441" lon="9.0450311"><ele>913.2</ele></trkpt>
      <trkpt lat="41.9096249" lon="9.0447321"><ele>911.4</ele></trkpt>
      <trkpt lat="41.9096589" lon="9.0446721"><ele>909.1</ele></trkpt>
      <trkpt lat="41.9096732" lon="9.0444963"><ele>906.2</ele></trkpt>
      <trkpt lat="41.9096432" lon="9.0443321"><ele>905.1</ele></trkpt>
      <trkpt lat="41.9095582" lon="9.0441996"><ele>906.7</ele></trkpt>
      <trkpt lat="41.9094974" lon="9.0438804"><ele>903.0</ele></trkpt>
      <trkpt lat="41.9093217" lon="9.0436497"><ele>905.5</ele></trkpt>
      <trkpt lat="41.9091969" lon="9.0434150"><ele>905.7</ele></trkpt>
      <trkpt lat="41.9091750" lon="9.0433292"><ele>904.6</ele></trkpt>
      <trkpt lat="41.9092348" lon="9.0432051"><ele>898.2</ele></trkpt>
      <trkpt lat="41.9092309" lon="9.0431334"><ele>896.6</ele></trkpt>
      <trkpt lat="41.9091710" lon="9.0429309"><ele>894.7</ele></trkpt>
      <trkpt lat="41.9091682" lon="9.0428073"><ele>891.8</ele></trkpt>
      <trkpt lat="41.9090722" lon="9.0426627"><ele>893.5</ele></trkpt>
      <trkpt lat="41.9090392" lon="9.0424803"><ele>891.2</ele></trkpt>
      <trkpt lat="41.9087263" lon="9.0421638"><ele>904.0</ele></trkpt>
      <trkpt lat="41.9086979" lon="9.0420176"><ele>903.2</ele></trkpt>
      <trkpt lat="41.9086147" lon="9.0419159"><ele>906.6</ele></trkpt>
      <trkpt lat="41.9085273" lon="9.0415876"><ele>907.1</ele></trkpt>
      <trkpt lat="41.9084893" lon="9.0413256"><ele>906.1</ele></trkpt>
      <trkpt lat="41.9085372" lon="9.0410288"><ele>900.5</ele></trkpt>
      <trkpt lat="41.9084753" lon="9.0408817"><ele>902.1</ele></trkpt>
      <trkpt lat="41.9084394" lon="9.0407087"><ele>901.9</ele></trkpt>
      <trkpt lat="41.9084473" lon="9.0405678"><ele>900.4</ele></trkpt>
      <trkpt lat="41.9084025" lon="9.0404351"><ele>900.8</ele></trkpt>
      <trkpt lat="41.9084005" lon="9.0402742"><ele>899.7</ele></trkpt>
      <trkpt lat="41.9084464" lon="9.0401588"><ele>897.9</ele></trkpt>
      <trkpt lat="41.9084658" lon="9.0400413"><ele>897.0</ele></trkpt>
      <trkpt lat="41.9084159" lon="9.0398101"><ele>897.1</ele></trkpt>
      <trkpt lat="41.9084219" lon="9.0396929"><ele>896.4</ele></trkpt>
      <trkpt lat="41.9083586" lon="9.0396050"><ele>896.5</ele></trkpt>
      <trkpt lat="41.9082993" lon="9.0394368"><ele>895.7</ele></trkpt>
      <trkpt lat="41.9082069" lon="9.0393247"><ele>895.0</ele></trkpt>
      <trkpt lat="41.9079514" lon="9.0392781"><ele>894.8</ele></trkpt>
      <trkpt lat="41.9077461" lon="9.0392851"><ele>895.7</ele></trkpt>
      <trkpt lat="41.9074463" lon="9.0392549"><ele>897.8</ele></trkpt>
      <trkpt lat="41.9071309" lon="9.0391383"><ele>897.0</ele></trkpt>
      <trkpt lat="41.9069283" lon="9.0389317"><ele>891.7</ele></trkpt>
      <trkpt lat="41.9067953" lon="9.0388478"><ele>890.1</ele></trkpt>
      <trkpt lat="41.9067277" lon="9.0386635"><ele>884.0</ele></trkpt>
      <trkpt lat="41.9066485" lon="9.0385944"><ele>882.0</ele></trkpt>
      <trkpt lat="41.9065291" lon="9.0385763"><ele>882.0</ele></trkpt>
      <trkpt lat="41.9064007" lon="9.0383897"><ele>875.6</ele></trkpt>
      <trkpt lat="41.9061837" lon="9.0381700"><ele>869.6</ele></trkpt>
      <trkpt lat="41.9060692" lon="9.0380516"><ele>866.9</ele></trkpt>
      <trkpt lat="41.9059841" lon="9.0378723"><ele>862.7</ele></trkpt>
      <trkpt lat="41.9058479" lon="9.0378304"><ele>863.4</ele></trkpt>
      <trkpt lat="41.9056937" lon="9.0377381"><ele>863.6</ele></trkpt>
      <trkpt lat="41.9056511" lon="9.0375927"><ele>861.0</ele></trkpt>
      <trkpt lat="41.9055247" lon="9.0374280"><ele>859.7</ele></trkpt>
      <trkpt lat="41.9054678" lon="9.0370155"><ele>851.6</ele></trkpt>
      <trkpt lat="41.9054055" lon="9.0369565"><ele>851.7</ele></trkpt>
      <trkpt lat="41.9052915" lon="9.0367416"><ele>849.2</ele></trkpt>
      <trkpt lat="41.9051920" lon="9.0366127"><ele>848.2</ele></trkpt>
      <trkpt lat="41.9051018" lon="9.0362670"><ele>839.7</ele></trkpt>
      <trkpt lat="41.9050589" lon="9.0362227"><ele>839.1</ele></trkpt>
      <trkpt lat="41.9050409" lon="9.0361537"><ele>837.2</ele></trkpt>
      <trkpt lat="41.9048060" lon="9.0361078"><ele>839.6</ele></trkpt>
      <trkpt lat="41.9046746" lon="9.0361047"><ele>841.5</ele></trkpt>
      <trkpt lat="41.9046668" lon="9.0359858"><ele>838.0</ele></trkpt>
      <trkpt lat="41.9047646" lon="9.0358372"><ele>831.7</ele></trkpt>
      <trkpt lat="41.9047192" lon="9.0357714"><ele>830.4</ele></trkpt>
      <trkpt lat="41.9043701" lon="9.0358708"><ele>839.0</ele></trkpt>
      <trkpt lat="41.9042614" lon="9.0359156"><ele>842.0</ele></trkpt>
      <trkpt lat="41.9041775" lon="9.0359209"><ele>843.4</ele></trkpt>
      <trkpt lat="41.9041806" lon="9.0356810"><ele>836.1</ele></trkpt>
      <trkpt lat="41.9042511" lon="9.0353716"><ele>825.0</ele></trkpt>
      <trkpt lat="41.9041518" lon="9.0350520"><ele>816.9</ele></trkpt>
      <trkpt lat="41.9040328" lon="9.0348628"><ele>814.1</ele></trkpt>
      <trkpt lat="41.9039619" lon="9.0347609"><ele>812.8</ele></trkpt>
      <trkpt lat="41.9038637" lon="9.0346922"><ele>813.5</ele></trkpt>
      <trkpt lat="41.9037034" lon="9.0344591"><ele>811.7</ele></trkpt>
      <trkpt lat="41.9034651" lon="9.0342112"><ele>811.2</ele></trkpt>
      <trkpt lat="41.9031844" lon="9.0339938"><ele>810.3</ele></trkpt>
      <trkpt lat="41.9031136" lon="9.0338723"><ele>807.7</ele></trkpt>
      <trkpt lat="41.9030716" lon="9.0338355"><ele>807.2</ele></trkpt>
      <trkpt lat="41.9030564" lon="9.0337539"><ele>805.0</ele></trkpt>
      <trkpt lat="41.9029189" lon="9.0334962"><ele>799.2</ele></trkpt>
      <trkpt lat="41.9027522" lon="9.0332511"><ele>794.3</ele></trkpt>
      <trkpt lat="41.9026384" lon="9.0331542"><ele>793.4</ele></trkpt>
      <trkpt lat="41.9025455" lon="9.0331382"><ele>794.4</ele></trkpt>
      <trkpt lat="41.9024454" lon="9.0330908"><ele>794.8</ele></trkpt>
      <trkpt lat="41.9024187" lon="9.0327963"><ele>788.7</ele></trkpt>
      <trkpt lat="41.9023754" lon="9.0325093"><ele>783.9</ele></trkpt>
      <trkpt lat="41.9023220" lon="9.0323026"><ele>781.4</ele></trkpt>
      <trkpt lat="41.9021263" lon="9.0320224"><ele>781.0</ele></trkpt>
      <trkpt lat="41.9020824" lon="9.0318628"><ele>779.7</ele></trkpt>
      <trkpt lat="41.9020813" lon="9.0317222"><ele>777.6</ele></trkpt>
      <trkpt lat="41.9020606" lon="9.0316143"><ele>776.5</ele></trkpt>
      <trkpt lat="41.9019490" lon="9.0314571"><ele>776.9</ele></trkpt>
      <trkpt lat="41.9017640" lon="9.0313025"><ele>779.2</ele></trkpt>
      <trkpt lat="41.9015920" lon="9.0311225"><ele>780.8</ele></trkpt>
      <trkpt lat="41.9014176" lon="9.0310594"><ele>784.0</ele></trkpt>
      <trkpt lat="41.9013757" lon="9.0309830"><ele>783.8</ele></trkpt>
      <trkpt lat="41.9012594" lon="9.0308437"><ele>784.2</ele></trkpt>
      <trkpt lat="41.9011521" lon="9.0305337"><ele>783.0</ele></trkpt>
      <trkpt lat="41.9011195" lon="9.0304291"><ele>782.6</ele></trkpt>
      <trkpt lat="41.9010503" lon="9.0303004"><ele>782.5</ele></trkpt>
      <trkpt lat="41.9009215" lon="9.0301703"><ele>783.0</ele></trkpt>
      <trkpt lat="41.9008096" lon="9.0299519"><ele>782.0</ele></trkpt>
      <trkpt lat="41.9007583" lon="9.0297604"><ele>779.9</ele></trkpt>
      <trkpt lat="41.9006540" lon="9.0292369"><ele>772.9</ele></trkpt>
      <trkpt lat="41.9005901" lon="9.0290652"><ele>770.6</ele></trkpt>
      <trkpt lat="41.9004705" lon="9.0286703"><ele>764.8</ele></trkpt>
      <trkpt lat="41.9004264" lon="9.0285341"><ele>763.0</ele></trkpt>
      <trkpt lat="41.9004254" lon="9.0284429"><ele>761.5</ele></trkpt>
      <trkpt lat="41.9004723" lon="9.0282364"><ele>757.4</ele></trkpt>
      <trkpt lat="41.9004584" lon="9.0280661"><ele>755.0</ele></trkpt>
      <trkpt lat="41.9004050" lon="9.0278416"><ele>752.6</ele></trkpt>
      <trkpt lat="41.9001898" lon="9.0275216"><ele>751.7</ele></trkpt>
      <trkpt lat="41.9001679" lon="9.0273111"><ele>749.2</ele></trkpt>
      <trkpt lat="41.9001090" lon="9.0271448"><ele>747.2</ele></trkpt>
      <trkpt lat="41.9000471" lon="9.0270656"><ele>746.7</ele></trkpt>
      <trkpt lat="41.9000279" lon="9.0269281"><ele>744.6</ele></trkpt>
      <trkpt lat="41.8997715" lon="9.0267707"><ele>745.4</ele></trkpt>
      <trkpt lat="41.8996589" lon="9.0266235"><ele>744.3</ele></trkpt>
      <trkpt lat="41.8995842" lon="9.0261908"><ele>738.3</ele></trkpt>
      <trkpt lat="41.8994446" lon="9.0258764"><ele>736.5</ele></trkpt>
      <trkpt lat="41.8992396" lon="9.0255877"><ele>736.0</ele></trkpt>
      <trkpt lat="41.8989883" lon="9.0253638"><ele>735.3</ele></trkpt>
      <trkpt lat="41.8986760" lon="9.0252385"><ele>734.2</ele></trkpt>
      <trkpt lat="41.8983202" lon="9.0251841"><ele>732.7</ele></trkpt>
      <trkpt lat="41.8979882" lon="9.0252024"><ele>733.5</ele></trkpt>
      <trkpt lat="41.8979099" lon="9.0251733"><ele>732.9</ele></trkpt>
      <trkpt lat="41.8978223" lon="9.0250994"><ele>731.0</ele></trkpt>
      <trkpt lat="41.8977153" lon="9.0249775"><ele>727.7</ele></trkpt>
      <trkpt lat="41.8976101" lon="9.0248267"><ele>723.3</ele></trkpt>
      <trkpt lat="41.8974887" lon="9.0246315"><ele>717.2</ele></trkpt>
      <trkpt lat="41.8973839" lon="9.0245241"><ele>713.9</ele></trkpt>
      <trkpt lat="41.8970756" lon="9.0244007"><ele>712.9</ele></trkpt>
      <trkpt lat="41.8969945" lon="9.0243271"><ele>711.1</ele></trkpt>
      <trkpt lat="41.8969077" lon="9.0242118"><ele>707.7</ele></trkpt>
      <trkpt lat="41.8968202" lon="9.0241410"><ele>706.3</ele></trkpt>
      <trkpt lat="41.8964686" lon="9.0239050"><ele>703.5</ele></trkpt>
      <trkpt lat="41.8963846" lon="9.0238416"><ele>702.7</ele></trkpt>
      <trkpt lat="41.8963222" lon="9.0237493"><ele>700.4</ele></trkpt>
      <trkpt lat="41.8962359" lon="9.0235211"><ele>694.3</ele></trkpt>
      <trkpt lat="41.8961630" lon="9.0233079"><ele>689.2</ele></trkpt>
      <trkpt lat="41.8961159" lon="9.0232637"><ele>689.0</ele></trkpt>
      <trkpt lat="41.8960452" lon="9.0232609"><ele>690.4</ele></trkpt>
      <trkpt lat="41.8960043" lon="9.0232716"><ele>691.6</ele></trkpt>
      <trkpt lat="41.8958856" lon="9.0233127"><ele>695.0</ele></trkpt>
      <trkpt lat="41.8957726" lon="9.0232949"><ele>696.5</ele></trkpt>
      <trkpt lat="41.8956748" lon="9.0232354"><ele>696.3</ele></trkpt>
      <trkpt lat="41.8955990" lon="9.0231858"><ele>696.0</ele></trkpt>
      <trkpt lat="41.8954650" lon="9.0230407"><ele>694.4</ele></trkpt>
      <trkpt lat="41.8954353" lon="9.0229887"><ele>693.6</ele></trkpt>
      <trkpt lat="41.8954133" lon="9.0229028"><ele>691.9</ele></trkpt>
      <trkpt lat="41.8954043" lon="9.0228170"><ele>690.1</ele></trkpt>
      <trkpt lat="41.8953794" lon="9.0227758"><ele>689.6</ele></trkpt>
      <trkpt lat="41.8953196" lon="9.0227641"><ele>690.3</ele></trkpt>
      <trkpt lat="41.8951867" lon="9.0227661"><ele>692.3</ele></trkpt>
      <trkpt lat="41.8950556" lon="9.0227701"><ele>694.2</ele></trkpt>
      <trkpt lat="41.8949971" lon="9.0227658"><ele>695.0</ele></trkpt>
      <trkpt lat="41.8949656" lon="9.0227533"><ele>695.2</ele></trkpt>
      <trkpt lat="41.8949401" lon="9.0227225"><ele>695.0</ele></trkpt>
      <trkpt lat="41.8949239" lon="9.0226902"><ele>694.5</ele></trkpt>
      <trkpt lat="41.8949133" lon="9.0226478"><ele>693.8</ele></trkpt>
      <trkpt lat="41.8948844" lon="9.0224138"><ele>690.1</ele></trkpt>
      <trkpt lat="41.8948812" lon="9.0222658"><ele>687.6</ele></trkpt>
      <trkpt lat="41.8948722" lon="9.0221954"><ele>686.7</ele></trkpt>
      <trkpt lat="41.8948318" lon="9.0221025"><ele>685.9</ele></trkpt>
      <trkpt lat="41.8948218" lon="9.0220540"><ele>685.4</ele></trkpt>
      <trkpt lat="41.8948225" lon="9.0219305"><ele>683.6</ele></trkpt>
      <trkpt lat="41.8948171" lon="9.0218664"><ele>682.8</ele></trkpt>
      <trkpt lat="41.8947902" lon="9.0217827"><ele>682.2</ele></trkpt>
      <trkpt lat="41.8947609" lon="9.0217300"><ele>682.1</ele></trkpt>
      <trkpt lat="41.8947183" lon="9.0216908"><ele>682.5</ele></trkpt>
      <trkpt lat="41.8946944" lon="9.0216512"><ele>682.4</ele></trkpt>
      <trkpt lat="41.8946506" lon="9.0214930"><ele>681.3</ele></trkpt>
      <trkpt lat="41.8946386" lon="9.0213861"><ele>680.1</ele></trkpt>
      <trkpt lat="41.8946414" lon="9.0212500"><ele>678.3</ele></trkpt>
      <trkpt lat="41.8946541" lon="9.0211789"><ele>677.2</ele></trkpt>
      <trkpt lat="41.8946726" lon="9.0211406"><ele>676.3</ele></trkpt>
      <trkpt lat="41.8947065" lon="9.0211131"><ele>675.3</ele></trkpt>
      <trkpt lat="41.8947565" lon="9.0210991"><ele>674.1</ele></trkpt>
      <trkpt lat="41.8947859" lon="9.0211017"><ele>673.6</ele></trkpt>
      <trkpt lat="41.8948053" lon="9.0210930"><ele>673.1</ele></trkpt>
      <trkpt lat="41.8948476" lon="9.0210677"><ele>672.0</ele></trkpt>
      <trkpt lat="41.8948927" lon="9.0211098"><ele>671.7</ele></trkpt>
      <trkpt lat="41.8949948" lon="9.0212650"><ele>671.9</ele></trkpt>
      <trkpt lat="41.8950539" lon="9.0213632"><ele>672.2</ele></trkpt>
      <trkpt lat="41.8951676" lon="9.0215901"><ele>673.4</ele></trkpt>
      <trkpt lat="41.8951932" lon="9.0216939"><ele>674.3</ele></trkpt>
      <trkpt lat="41.8952057" lon="9.0218085"><ele>675.7</ele></trkpt>
      <trkpt lat="41.8951917" lon="9.0219668"><ele>678.2</ele></trkpt>
      <trkpt lat="41.8951967" lon="9.0220392"><ele>679.2</ele></trkpt>
      <trkpt lat="41.8952265" lon="9.0220928"><ele>679.6</ele></trkpt>
      <trkpt lat="41.8952935" lon="9.0221331"><ele>679.2</ele></trkpt>
      <trkpt lat="41.8953694" lon="9.0221304"><ele>678.1</ele></trkpt>
      <trkpt lat="41.8955030" lon="9.0220836"><ele>675.6</ele></trkpt>
      <trkpt lat="41.8957897" lon="9.0220392"><ele>671.2</ele></trkpt>
      <trkpt lat="41.8958874" lon="9.0220424"><ele>669.9</ele></trkpt>
      <trkpt lat="41.8959244" lon="9.0220486"><ele>669.4</ele></trkpt>
      <trkpt lat="41.8959683" lon="9.0220566"><ele>668.9</ele></trkpt>
      <trkpt lat="41.8960185" lon="9.0220763"><ele>668.4</ele></trkpt>
      <trkpt lat="41.8961186" lon="9.0221515"><ele>667.7</ele></trkpt>
      <trkpt lat="41.8961695" lon="9.0221994"><ele>667.5</ele></trkpt>
      <trkpt lat="41.8963047" lon="9.0223342"><ele>666.8</ele></trkpt>
      <trkpt lat="41.8964808" lon="9.0226215"><ele>667.3</ele></trkpt>
      <trkpt lat="41.8966501" lon="9.0229471"><ele>670.0</ele></trkpt>
      <trkpt lat="41.8967011" lon="9.0230182"><ele>670.8</ele></trkpt>
      <trkpt lat="41.8967470" lon="9.0230517"><ele>670.8</ele></trkpt>
      <trkpt lat="41.8968064" lon="9.0230738"><ele>670.3</ele></trkpt>
      <trkpt lat="41.8970185" lon="9.0231141"><ele>668.3</ele></trkpt>
      <trkpt lat="41.8971241" lon="9.0231211"><ele>667.2</ele></trkpt>
      <trkpt lat="41.8972384" lon="9.0231074"><ele>665.8</ele></trkpt>
      <trkpt lat="41.8976030" lon="9.0230175"><ele>662.7</ele></trkpt>
      <trkpt lat="41.8976697" lon="9.0230139"><ele>662.7</ele></trkpt>
      <trkpt lat="41.8977272" lon="9.0230108"><ele>662.7</ele></trkpt>
      <trkpt lat="41.8978625" lon="9.0230329"><ele>663.8</ele></trkpt>
      <trkpt lat="41.8978945" lon="9.0230289"><ele>663.8</ele></trkpt>
      <trkpt lat="41.8979289" lon="9.0230088"><ele>663.6</ele></trkpt>
      <trkpt lat="41.8979663" lon="9.0229665"><ele>662.9</ele></trkpt>
      <trkpt lat="41.8980272" lon="9.0228076"><ele>659.7</ele></trkpt>
      <trkpt lat="41.8980532" lon="9.0227386"><ele>658.9</ele></trkpt>
      <trkpt lat="41.8980741" lon="9.0226896"><ele>658.4</ele></trkpt>
      <trkpt lat="41.8981051" lon="9.0226621"><ele>658.3</ele></trkpt>
      <trkpt lat="41.8982079" lon="9.0226360"><ele>659.0</ele></trkpt>
      <trkpt lat="41.8983706" lon="9.0226051"><ele>660.3</ele></trkpt>
      <trkpt lat="41.8984130" lon="9.0225689"><ele>660.3</ele></trkpt>
      <trkpt lat="41.8984394" lon="9.0225093"><ele>659.7</ele></trkpt>
      <trkpt lat="41.8984510" lon="9.0224194"><ele>659.0</ele></trkpt>
      <trkpt lat="41.8984510" lon="9.0223704"><ele>658.5</ele></trkpt>
      <trkpt lat="41.8984395" lon="9.0223208"><ele>657.9</ele></trkpt>
      <trkpt lat="41.8984170" lon="9.0222363"><ele>656.8</ele></trkpt>
      <trkpt lat="41.8983137" lon="9.0220325"><ele>653.3</ele></trkpt>
      <trkpt lat="41.8982845" lon="9.0219520"><ele>652.2</ele></trkpt>
      <trkpt lat="41.8982793" lon="9.0218903"><ele>651.6</ele></trkpt>
      <trkpt lat="41.8982957" lon="9.0218266"><ele>651.3</ele></trkpt>
      <trkpt lat="41.8983454" lon="9.0217488"><ele>650.9</ele></trkpt>
      <trkpt lat="41.8983791" lon="9.0217140"><ele>650.7</ele></trkpt>
      <trkpt lat="41.8984395" lon="9.0216952"><ele>650.6</ele></trkpt>
      <trkpt lat="41.8986227" lon="9.0216891"><ele>653.7</ele></trkpt>
      <trkpt lat="41.8987100" lon="9.0216670"><ele>655.0</ele></trkpt>
      <trkpt lat="41.8987924" lon="9.0216308"><ele>655.8</ele></trkpt>
      <trkpt lat="41.8988523" lon="9.0215792"><ele>657.0</ele></trkpt>
      <trkpt lat="41.8988828" lon="9.0215267"><ele>658.9</ele></trkpt>
      <trkpt lat="41.8988809" lon="9.0212372"><ele>667.6</ele></trkpt>
      <trkpt lat="41.8988718" lon="9.0211589"><ele>670.3</ele></trkpt>
      <trkpt lat="41.8988463" lon="9.0211245"><ele>670.9</ele></trkpt>
      <trkpt lat="41.8987684" lon="9.0210950"><ele>670.1</ele></trkpt>
      <trkpt lat="41.8985184" lon="9.0210729"><ele>664.8</ele></trkpt>
      <trkpt lat="41.8982069" lon="9.0211233"><ele>656.6</ele></trkpt>
      <trkpt lat="41.8981111" lon="9.0211058"><ele>655.1</ele></trkpt>
      <trkpt lat="41.8980350" lon="9.0210468"><ele>654.5</ele></trkpt>
      <trkpt lat="41.8979838" lon="9.0209475"><ele>654.7</ele></trkpt>
      <trkpt lat="41.8981014" lon="9.0206949"><ele>661.1</ele></trkpt>
      <trkpt lat="41.8981189" lon="9.0209256"><ele>658.0</ele></trkpt>
      <trkpt lat="41.8982005" lon="9.0209769"><ele>659.1</ele></trkpt>
      <trkpt lat="41.8981461" lon="9.0199913"><ele>671.4</ele></trkpt>
      <trkpt lat="41.8981673" lon="9.0198919"><ele>673.3</ele></trkpt>
      <trkpt lat="41.8982053" lon="9.0197466"><ele>676.2</ele></trkpt>
      <trkpt lat="41.8984801" lon="9.0195566"><ele>689.3</ele></trkpt>
      <trkpt lat="41.8985691" lon="9.0193360"><ele>694.7</ele></trkpt>
      <trkpt lat="41.8985868" lon="9.0184751"><ele>704.7</ele></trkpt>
      <trkpt lat="41.8982459" lon="9.0179524"><ele>700.8</ele></trkpt>
      <trkpt lat="41.8982370" lon="9.0175373"><ele>709.9</ele></trkpt>
      <trkpt lat="41.8979400" lon="9.0172554"><ele>708.2</ele></trkpt>
      <trkpt lat="41.8978088" lon="9.0168662"><ele>714.3</ele></trkpt>
      <trkpt lat="41.8979390" lon="9.0167351"><ele>720.0</ele></trkpt>
      <trkpt lat="41.8977997" lon="9.0156246"><ele>730.5</ele></trkpt>
      <trkpt lat="41.8979458" lon="9.0154858"><ele>733.2</ele></trkpt>
      <trkpt lat="41.8979454" lon="9.0154700"><ele>733.3</ele></trkpt>
      <trkpt lat="41.8979255" lon="9.0146507"><ele>735.2</ele></trkpt>
      <trkpt lat="41.8980212" lon="9.0143276"><ele>735.8</ele></trkpt>
      <trkpt lat="41.8981887" lon="9.0141472"><ele>736.4</ele></trkpt>
      <trkpt lat="41.8983147" lon="9.0136631"><ele>729.7</ele></trkpt>
      <trkpt lat="41.8984389" lon="9.0134954"><ele>725.9</ele></trkpt>
      <trkpt lat="41.8985775" lon="9.0133033"><ele>720.0</ele></trkpt>
      <trkpt lat="41.8988479" lon="9.0134653"><ele>722.6</ele></trkpt>
      <trkpt lat="41.8992526" lon="9.0133852"><ele>718.1</ele></trkpt>
      <trkpt lat="41.8994122" lon="9.0134036"><ele>718.9</ele></trkpt>
      <trkpt lat="41.8996434" lon="9.0136045"><ele>724.6</ele></trkpt>
      <trkpt lat="41.8998962" lon="9.0136583"><ele>726.0</ele></trkpt>
      <trkpt lat="41.8999494" lon="9.0130870"><ele>718.1</ele></trkpt>
      <trkpt lat="41.8999833" lon="9.0129334"><ele>717.3</ele></trkpt>
      <trkpt lat="41.9001188" lon="9.0127203"><ele>718.7</ele></trkpt>
      <trkpt lat="41.9001473" lon="9.0125148"><ele>719.0</ele></trkpt>
      <trkpt lat="41.8999839" lon="9.0124175"><ele>715.3</ele></trkpt>
      <trkpt lat="41.8998036" lon="9.0123364"><ele>711.1</ele></trkpt>
      <trkpt lat="41.8997796" lon="9.0122257"><ele>710.6</ele></trkpt>
      <trkpt lat="41.8998708" lon="9.0121588"><ele>712.7</ele></trkpt>
      <trkpt lat="41.8999566" lon="9.0120067"><ele>715.1</ele></trkpt>
      <trkpt lat="41.8999733" lon="9.0118315"><ele>716.7</ele></trkpt>
      <trkpt lat="41.8999245" lon="9.0113818"><ele>718.8</ele></trkpt>
      <trkpt lat="41.9000461" lon="9.0117891"><ele>718.9</ele></trkpt>
      <trkpt lat="41.9001240" lon="9.0119433"><ele>719.8</ele></trkpt>
      <trkpt lat="41.9001824" lon="9.0120164"><ele>721.0</ele></trkpt>
      <trkpt lat="41.9002966" lon="9.0121333"><ele>723.6</ele></trkpt>
      <trkpt lat="41.9003526" lon="9.0121713"><ele>724.9</ele></trkpt>
      <trkpt lat="41.9003995" lon="9.0121821"><ele>726.0</ele></trkpt>
      <trkpt lat="41.9004364" lon="9.0121820"><ele>727.2</ele></trkpt>
      <trkpt lat="41.9004663" lon="9.0121445"><ele>728.4</ele></trkpt>
      <trkpt lat="41.9004853" lon="9.0120842"><ele>729.4</ele></trkpt>
      <trkpt lat="41.9004813" lon="9.0120372"><ele>729.6</ele></trkpt>
      <trkpt lat="41.9004634" lon="9.0119909"><ele>729.3</ele></trkpt>
      <trkpt lat="41.9003118" lon="9.0117908"><ele>726.3</ele></trkpt>
      <trkpt lat="41.9002717" lon="9.0117140"><ele>725.7</ele></trkpt>
      <trkpt lat="41.9002378" lon="9.0114940"><ele>726.7</ele></trkpt>
      <trkpt lat="41.9002307" lon="9.0111972"><ele>729.3</ele></trkpt>
      <trkpt lat="41.9002426" lon="9.0107807"><ele>733.6</ele></trkpt>
      <trkpt lat="41.9002477" lon="9.0105998"><ele>735.6</ele></trkpt>
      <trkpt lat="41.9002348" lon="9.0104561"><ele>736.6</ele></trkpt>
      <trkpt lat="41.9002128" lon="9.0103525"><ele>737.0</ele></trkpt>
      <trkpt lat="41.9001070" lon="9.0100309"><ele>737.6</ele></trkpt>
      <trkpt lat="41.9000091" lon="9.0097782"><ele>738.5</ele></trkpt>
      <trkpt lat="41.8999741" lon="9.0096878"><ele>738.8</ele></trkpt>
      <trkpt lat="41.8997807" lon="9.0091869"><ele>741.5</ele></trkpt>
      <trkpt lat="41.8997836" lon="9.0091015"><ele>743.0</ele></trkpt>
      <trkpt lat="41.8998023" lon="9.0090139"><ele>744.9</ele></trkpt>
      <trkpt lat="41.8998445" lon="9.0089889"><ele>746.4</ele></trkpt>
      <trkpt lat="41.8998988" lon="9.0089751"><ele>748.0</ele></trkpt>
      <trkpt lat="41.8999904" lon="9.0090030"><ele>749.9</ele></trkpt>
      <trkpt lat="41.9000611" lon="9.0090801"><ele>750.5</ele></trkpt>
      <trkpt lat="41.9001035" lon="9.0091487"><ele>750.4</ele></trkpt>
      <trkpt lat="41.9001689" lon="9.0092960"><ele>749.7</ele></trkpt>
      <trkpt lat="41.9002296" lon="9.0094954"><ele>748.3</ele></trkpt>
      <trkpt lat="41.9002747" lon="9.0096903"><ele>746.8</ele></trkpt>
      <trkpt lat="41.9003649" lon="9.0099051"><ele>746.4</ele></trkpt>
      <trkpt lat="41.9004564" lon="9.0099800"><ele>748.0</ele></trkpt>
      <!-- Etape 5 : Quasquara - Santa-Maria-Siche -->
      <trkpt lat="41.9005724" lon="9.0100238"><ele>750.6</ele></trkpt>
      <trkpt lat="41.9007239" lon="9.0101516"><ele>753.7</ele></trkpt>
      <trkpt lat="41.9007888" lon="9.0102442"><ele>754.9</ele></trkpt>
      <trkpt lat="41.9008281" lon="9.0103547"><ele>755.2</ele></trkpt>
      <trkpt lat="41.9008610" lon="9.0105270"><ele>754.8</ele></trkpt>
      <trkpt lat="41.9008805" lon="9.0112484"><ele>749.3</ele></trkpt>
      <trkpt lat="41.9009019" lon="9.0113801"><ele>748.9</ele></trkpt>
      <trkpt lat="41.9009398" lon="9.0114712"><ele>749.3</ele></trkpt>
      <trkpt lat="41.9009921" lon="9.0115181"><ele>750.5</ele></trkpt>
      <trkpt lat="41.9010669" lon="9.0115040"><ele>753.1</ele></trkpt>
      <trkpt lat="41.9011225" lon="9.0114333"><ele>755.7</ele></trkpt>
      <trkpt lat="41.9011257" lon="9.0113696"><ele>756.4</ele></trkpt>
      <trkpt lat="41.9010824" lon="9.0110182"><ele>758.0</ele></trkpt>
      <trkpt lat="41.9010999" lon="9.0108063"><ele>760.2</ele></trkpt>
      <trkpt lat="41.9011434" lon="9.0105629"><ele>763.3</ele></trkpt>
      <trkpt lat="41.9011830" lon="9.0103830"><ele>765.7</ele></trkpt>
      <trkpt lat="41.9011870" lon="9.0102702"><ele>766.4</ele></trkpt>
      <trkpt lat="41.9011786" lon="9.0101523"><ele>766.7</ele></trkpt>
      <trkpt lat="41.9011572" lon="9.0100576"><ele>766.7</ele></trkpt>
      <trkpt lat="41.9010517" lon="9.0097865"><ele>765.9</ele></trkpt>
      <trkpt lat="41.9009541" lon="9.0096001"><ele>765.3</ele></trkpt>
      <trkpt lat="41.9009405" lon="9.0095441"><ele>765.6</ele></trkpt>
      <trkpt lat="41.9009854" lon="9.0095231"><ele>767.0</ele></trkpt>
      <trkpt lat="41.9010792" lon="9.0095589"><ele>769.0</ele></trkpt>
      <trkpt lat="41.9012350" lon="9.0096782"><ele>772.1</ele></trkpt>
      <trkpt lat="41.9013597" lon="9.0097359"><ele>775.6</ele></trkpt>
      <trkpt lat="41.9014765" lon="9.0097614"><ele>779.5</ele></trkpt>
      <trkpt lat="41.9015124" lon="9.0097305"><ele>781.1</ele></trkpt>
      <trkpt lat="41.9015065" lon="9.0096635"><ele>781.6</ele></trkpt>
      <trkpt lat="41.9014945" lon="9.0096112"><ele>781.6</ele></trkpt>
      <trkpt lat="41.9015196" lon="9.0095787"><ele>783.0</ele></trkpt>
      <trkpt lat="41.9018154" lon="9.0093578"><ele>799.5</ele></trkpt>
      <trkpt lat="41.9018737" lon="9.0087737"><ele>812.0</ele></trkpt>
      <trkpt lat="41.9019451" lon="9.0086175"><ele>817.9</ele></trkpt>
      <trkpt lat="41.9019666" lon="9.0078277"><ele>831.1</ele></trkpt>
      <trkpt lat="41.9018832" lon="9.0076920"><ele>830.1</ele></trkpt>
      <trkpt lat="41.9019126" lon="9.0075459"><ele>832.5</ele></trkpt>
      <trkpt lat="41.9019712" lon="9.0075475"><ele>834.3</ele></trkpt>
      <trkpt lat="41.9021023" lon="9.0073630"><ele>840.0</ele></trkpt>
      <trkpt lat="41.9021659" lon="9.0070244"><ele>843.7</ele></trkpt>
      <trkpt lat="41.9024734" lon="9.0064725"><ele>856.6</ele></trkpt>
      <trkpt lat="41.9027717" lon="9.0066462"><ele>867.3</ele></trkpt>
      <trkpt lat="41.9029114" lon="9.0066088"><ele>872.9</ele></trkpt>
      <trkpt lat="41.9032147" lon="9.0061219"><ele>884.5</ele></trkpt>
      <trkpt lat="41.9032977" lon="9.0060679"><ele>888.1</ele></trkpt>
      <trkpt lat="41.9036111" lon="9.0052007"><ele>903.1</ele></trkpt>
      <trkpt lat="41.9036764" lon="9.0044658"><ele>899.6</ele></trkpt>
      <trkpt lat="41.9039154" lon="9.0041327"><ele>902.3</ele></trkpt>
      <trkpt lat="41.9040282" lon="9.0040222"><ele>903.5</ele></trkpt>
      <trkpt lat="41.9041162" lon="9.0040159"><ele>906.2</ele></trkpt>
      <trkpt lat="41.9047544" lon="9.0043232"><ele>933.5</ele></trkpt>
      <trkpt lat="41.9051151" lon="9.0042731"><ele>941.8</ele></trkpt>
      <trkpt lat="41.9057235" lon="9.0039949"><ele>951.2</ele></trkpt>
      <trkpt lat="41.9059748" lon="9.0040390"><ele>957.8</ele></trkpt>
      <trkpt lat="41.9064393" lon="9.0039525"><ele>968.4</ele></trkpt>
      <trkpt lat="41.9065577" lon="9.0038774"><ele>971.8</ele></trkpt>
      <trkpt lat="41.9067171" lon="9.0036633"><ele>977.7</ele></trkpt>
      <trkpt lat="41.9067041" lon="9.0035293"><ele>977.9</ele></trkpt>
      <trkpt lat="41.9069132" lon="9.0033342"><ele>988.1</ele></trkpt>
      <trkpt lat="41.9070184" lon="9.0031583"><ele>994.7</ele></trkpt>
      <trkpt lat="41.9071714" lon="9.0030240"><ele>1003.5</ele></trkpt>
      <trkpt lat="41.9072411" lon="9.0030630"><ele>1005.8</ele></trkpt>
      <trkpt lat="41.9075769" lon="9.0027621"><ele>1025.0</ele></trkpt>
      <trkpt lat="41.9076687" lon="9.0027988"><ele>1027.8</ele></trkpt>
      <trkpt lat="41.9077636" lon="9.0026892"><ele>1033.9</ele></trkpt>
      <trkpt lat="41.9077278" lon="9.0025922"><ele>1034.5</ele></trkpt>
      <trkpt lat="41.9077544" lon="9.0024052"><ele>1039.7</ele></trkpt>
      <trkpt lat="41.9077999" lon="9.0024279"><ele>1040.9</ele></trkpt>
      <trkpt lat="41.9079917" lon="9.0021041"><ele>1054.0</ele></trkpt>
      <trkpt lat="41.9081527" lon="9.0022177"><ele>1056.9</ele></trkpt>
      <trkpt lat="41.9082813" lon="9.0021405"><ele>1062.3</ele></trkpt>
      <trkpt lat="41.9083818" lon="9.0021986"><ele>1064.7</ele></trkpt>
      <trkpt lat="41.9085013" lon="9.0021423"><ele>1069.5</ele></trkpt>
      <trkpt lat="41.9086106" lon="9.0013702"><ele>1085.2</ele></trkpt>
      <trkpt lat="41.9083713" lon="9.0009836"><ele>1085.0</ele></trkpt>
      <trkpt lat="41.9082871" lon="9.0009494"><ele>1083.6</ele></trkpt>
      <trkpt lat="41.9083655" lon="9.0008524"><ele>1087.5</ele></trkpt>
      <trkpt lat="41.9083542" lon="9.0003805"><ele>1095.2</ele></trkpt>
      <trkpt lat="41.9084093" lon="9.0003074"><ele>1097.3</ele></trkpt>
      <trkpt lat="41.9086627" lon="9.0002797"><ele>1103.9</ele></trkpt>
      <trkpt lat="41.9088333" lon="9.0001514"><ele>1109.9</ele></trkpt>
      <trkpt lat="41.9087854" lon="8.9996823"><ele>1112.0</ele></trkpt>
      <trkpt lat="41.9088214" lon="8.9994784"><ele>1113.9</ele></trkpt>
      <trkpt lat="41.9089012" lon="8.9994660"><ele>1115.7</ele></trkpt>
      <trkpt lat="41.9089230" lon="8.9994048"><ele>1116.3</ele></trkpt>
      <trkpt lat="41.9093196" lon="8.9994183"><ele>1123.8</ele></trkpt>
      <trkpt lat="41.9096792" lon="8.9994914"><ele>1129.8</ele></trkpt>
      <trkpt lat="41.9098620" lon="8.9996110"><ele>1133.0</ele></trkpt>
      <trkpt lat="41.9100554" lon="8.9996500"><ele>1136.4</ele></trkpt>
      <trkpt lat="41.9103779" lon="8.9995944"><ele>1143.4</ele></trkpt>
      <trkpt lat="41.9105830" lon="8.9993454"><ele>1148.7</ele></trkpt>
      <trkpt lat="41.9106423" lon="8.9991074"><ele>1149.7</ele></trkpt>
      <trkpt lat="41.9106088" lon="8.9990695"><ele>1148.8</ele></trkpt>
      <trkpt lat="41.9107930" lon="8.9986418"><ele>1151.7</ele></trkpt>
      <trkpt lat="41.9108349" lon="8.9985663"><ele>1152.3</ele></trkpt>
      <trkpt lat="41.9113683" lon="8.9982713"><ele>1155.4</ele></trkpt>
      <trkpt lat="41.9113366" lon="8.9982225"><ele>1156.1</ele></trkpt>
      <trkpt lat="41.9111658" lon="8.9979601"><ele>1157.8</ele></trkpt>
      <trkpt lat="41.9109785" lon="8.9977506"><ele>1159.1</ele></trkpt>
      <trkpt lat="41.9106346" lon="8.9975012"><ele>1157.5</ele></trkpt>
      <trkpt lat="41.9100862" lon="8.9966983"><ele>1165.6</ele></trkpt>
      <trkpt lat="41.9097430" lon="8.9963735"><ele>1168.3</ele></trkpt>
      <trkpt lat="41.9095786" lon="8.9961459"><ele>1170.2</ele></trkpt>
      <trkpt lat="41.9091929" lon="8.9959358"><ele>1161.9</ele></trkpt>
      <trkpt lat="41.9091018" lon="8.9956456"><ele>1166.1</ele></trkpt>
      <trkpt lat="41.9089194" lon="8.9953421"><ele>1166.1</ele></trkpt>
      <trkpt lat="41.9087404" lon="8.9952122"><ele>1162.1</ele></trkpt>
      <trkpt lat="41.9086797" lon="8.9950781"><ele>1162.7</ele></trkpt>
      <trkpt lat="41.9084378" lon="8.9948034"><ele>1158.2</ele></trkpt>
      <trkpt lat="41.9083623" lon="8.9945697"><ele>1158.9</ele></trkpt>
      <trkpt lat="41.9078230" lon="8.9937955"><ele>1141.7</ele></trkpt>
      <trkpt lat="41.9076060" lon="8.9933343"><ele>1136.4</ele></trkpt>
      <trkpt lat="41.9075799" lon="8.9932374"><ele>1136.1</ele></trkpt>
      <trkpt lat="41.9075753" lon="8.9928700"><ele>1137.7</ele></trkpt>
      <trkpt lat="41.9074898" lon="8.9925727"><ele>1135.8</ele></trkpt>
      <trkpt lat="41.9073861" lon="8.9925271"><ele>1132.5</ele></trkpt>
      <trkpt lat="41.9072755" lon="8.9920137"><ele>1131.3</ele></trkpt>
      <trkpt lat="41.9072886" lon="8.9916795"><ele>1134.0</ele></trkpt>
      <trkpt lat="41.9073620" lon="8.9912607"><ele>1140.4</ele></trkpt>
      <trkpt lat="41.9072520" lon="8.9911378"><ele>1138.7</ele></trkpt>
      <trkpt lat="41.9071251" lon="8.9908432"><ele>1139.3</ele></trkpt>
      <trkpt lat="41.9066887" lon="8.9903481"><ele>1132.8</ele></trkpt>
      <trkpt lat="41.9062591" lon="8.9899675"><ele>1126.5</ele></trkpt>
      <trkpt lat="41.9061951" lon="8.9896777"><ele>1127.5</ele></trkpt>
      <trkpt lat="41.9060960" lon="8.9895055"><ele>1126.4</ele></trkpt>
      <trkpt lat="41.9060587" lon="8.9891840"><ele>1126.8</ele></trkpt>
      <trkpt lat="41.9060820" lon="8.9890296"><ele>1127.6</ele></trkpt>
      <trkpt lat="41.9061462" lon="8.9888561"><ele>1129.4</ele></trkpt>
      <trkpt lat="41.9063295" lon="8.9885683"><ele>1135.5</ele></trkpt>
      <trkpt lat="41.9063918" lon="8.9884452"><ele>1138.2</ele></trkpt>
      <trkpt lat="41.9063663" lon="8.9880353"><ele>1136.3</ele></trkpt>
      <trkpt lat="41.9063036" lon="8.9878646"><ele>1133.1</ele></trkpt>
      <trkpt lat="41.9063939" lon="8.9875948"><ele>1136.4</ele></trkpt>
      <trkpt lat="41.9064679" lon="8.9868898"><ele>1139.8</ele></trkpt>
      <trkpt lat="41.9063792" lon="8.9862279"><ele>1134.6</ele></trkpt>
      <trkpt lat="41.9066457" lon="8.9847586"><ele>1130.3</ele></trkpt>
      <trkpt lat="41.9065575" lon="8.9845147"><ele>1124.4</ele></trkpt>
      <trkpt lat="41.9063395" lon="8.9842005"><ele>1115.9</ele></trkpt>
      <trkpt lat="41.9060602" lon="8.9841442"><ele>1112.6</ele></trkpt>
      <trkpt lat="41.9060081" lon="8.9842360"><ele>1112.7</ele></trkpt>
      <trkpt lat="41.9059189" lon="8.9842723"><ele>1110.9</ele></trkpt>
      <trkpt lat="41.9057827" lon="8.9841273"><ele>1107.7</ele></trkpt>
      <trkpt lat="41.9056805" lon="8.9841551"><ele>1104.9</ele></trkpt>
      <trkpt lat="41.9055237" lon="8.9838516"><ele>1103.0</ele></trkpt>
      <trkpt lat="41.9053383" lon="8.9836660"><ele>1099.9</ele></trkpt>
      <trkpt lat="41.9052458" lon="8.9834025"><ele>1098.5</ele></trkpt>
      <trkpt lat="41.9051070" lon="8.9832745"><ele>1093.1</ele></trkpt>
      <trkpt lat="41.9050356" lon="8.9828385"><ele>1086.8</ele></trkpt>
      <trkpt lat="41.9049693" lon="8.9827244"><ele>1082.6</ele></trkpt>
      <trkpt lat="41.9048739" lon="8.9826894"><ele>1078.2</ele></trkpt>
      <trkpt lat="41.9047350" lon="8.9822359"><ele>1062.0</ele></trkpt>
      <trkpt lat="41.9047773" lon="8.9820149"><ele>1055.9</ele></trkpt>
      <trkpt lat="41.9049973" lon="8.9817058"><ele>1047.3</ele></trkpt>
      <trkpt lat="41.9050895" lon="8.9816849"><ele>1047.3</ele></trkpt>
      <trkpt lat="41.9050474" lon="8.9814565"><ele>1036.4</ele></trkpt>
      <trkpt lat="41.9052719" lon="8.9813634"><ele>1031.4</ele></trkpt>
      <trkpt lat="41.9052373" lon="8.9812096"><ele>1024.2</ele></trkpt>
      <trkpt lat="41.9054112" lon="8.9810830"><ele>1015.1</ele></trkpt>
      <trkpt lat="41.9053691" lon="8.9808176"><ele>1004.5</ele></trkpt>
      <trkpt lat="41.9054413" lon="8.9807040"><ele>998.2</ele></trkpt>
      <trkpt lat="41.9054119" lon="8.9799500"><ele>975.1</ele></trkpt>
      <trkpt lat="41.9053049" lon="8.9796655"><ele>969.8</ele></trkpt>
      <trkpt lat="41.9051986" lon="8.9795615"><ele>968.3</ele></trkpt>
      <trkpt lat="41.9050414" lon="8.9794852"><ele>967.1</ele></trkpt>
      <trkpt lat="41.9049457" lon="8.9795601"><ele>968.4</ele></trkpt>
      <trkpt lat="41.9048709" lon="8.9795309"><ele>966.8</ele></trkpt>
      <trkpt lat="41.9046805" lon="8.9792481"><ele>954.3</ele></trkpt>
      <trkpt lat="41.9046608" lon="8.9787916"><ele>938.0</ele></trkpt>
      <trkpt lat="41.9045664" lon="8.9785794"><ele>928.6</ele></trkpt>
      <trkpt lat="41.9045718" lon="8.9779102"><ele>908.3</ele></trkpt>
      <trkpt lat="41.9045135" lon="8.9778888"><ele>907.3</ele></trkpt>
      <trkpt lat="41.9044643" lon="8.9776907"><ele>902.3</ele></trkpt>
      <trkpt lat="41.9043143" lon="8.9775281"><ele>897.7</ele></trkpt>
      <trkpt lat="41.9044403" lon="8.9773890"><ele>895.8</ele></trkpt>
      <trkpt lat="41.9044589" lon="8.9771951"><ele>892.5</ele></trkpt>
      <trkpt lat="41.9045741" lon="8.9769281"><ele>888.7</ele></trkpt>
      <trkpt lat="41.9048608" lon="8.9764205"><ele>880.8</ele></trkpt>
      <trkpt lat="41.9048740" lon="8.9763416"><ele>879.8</ele></trkpt>
      <trkpt lat="41.9048283" lon="8.9761117"><ele>878.4</ele></trkpt>
      <trkpt lat="41.9047500" lon="8.9759796"><ele>878.6</ele></trkpt>
      <trkpt lat="41.9047418" lon="8.9759048"><ele>878.3</ele></trkpt>
      <trkpt lat="41.9046940" lon="8.9758401"><ele>878.5</ele></trkpt>
      <trkpt lat="41.9046333" lon="8.9756919"><ele>878.8</ele></trkpt>
      <trkpt lat="41.9045259" lon="8.9752184"><ele>877.9</ele></trkpt>
      <trkpt lat="41.9041496" lon="8.9749718"><ele>876.4</ele></trkpt>
      <trkpt lat="41.9041322" lon="8.9747295"><ele>876.7</ele></trkpt>
      <trkpt lat="41.9039591" lon="8.9745616"><ele>876.5</ele></trkpt>
      <trkpt lat="41.9040481" lon="8.9741277"><ele>879.7</ele></trkpt>
      <trkpt lat="41.9041705" lon="8.9740900"><ele>879.9</ele></trkpt>
      <trkpt lat="41.9041590" lon="8.9739245"><ele>882.1</ele></trkpt>
      <trkpt lat="41.9040368" lon="8.9735763"><ele>887.5</ele></trkpt>
      <trkpt lat="41.9037264" lon="8.9731049"><ele>889.9</ele></trkpt>
      <trkpt lat="41.9038403" lon="8.9727229"><ele>893.7</ele></trkpt>
      <trkpt lat="41.9039820" lon="8.9724448"><ele>895.8</ele></trkpt>
      <trkpt lat="41.9039563" lon="8.9720192"><ele>895.4</ele></trkpt>
      <trkpt lat="41.9038541" lon="8.9717810"><ele>894.9</ele></trkpt>
      <trkpt lat="41.9037164" lon="8.9708927"><ele>894.8</ele></trkpt>
      <trkpt lat="41.9034521" lon="8.9706208"><ele>896.2</ele></trkpt>
      <trkpt lat="41.9032348" lon="8.9703014"><ele>898.5</ele></trkpt>
      <trkpt lat="41.9030633" lon="8.9701454"><ele>899.9</ele></trkpt>
      <trkpt lat="41.9028551" lon="8.9703543"><ele>899.6</ele></trkpt>
      <trkpt lat="41.9023928" lon="8.9703082"><ele>904.5</ele></trkpt>
      <trkpt lat="41.9022112" lon="8.9702236"><ele>909.0</ele></trkpt>
      <trkpt lat="41.9018903" lon="8.9702720"><ele>915.6</ele></trkpt>
      <trkpt lat="41.9014145" lon="8.9701859"><ele>928.4</ele></trkpt>
      <trkpt lat="41.9010988" lon="8.9700577"><ele>937.1</ele></trkpt>
      <trkpt lat="41.9007896" lon="8.9698021"><ele>943.9</ele></trkpt>
      <trkpt lat="41.9004390" lon="8.9691163"><ele>949.1</ele></trkpt>
      <trkpt lat="41.9003774" lon="8.9689125"><ele>948.0</ele></trkpt>
      <trkpt lat="41.9002985" lon="8.9688210"><ele>946.5</ele></trkpt>
      <trkpt lat="41.9002447" lon="8.9687678"><ele>945.8</ele></trkpt>
      <trkpt lat="41.9001589" lon="8.9685586"><ele>943.4</ele></trkpt>
      <trkpt lat="41.9001749" lon="8.9684755"><ele>943.1</ele></trkpt>
      <trkpt lat="41.9001046" lon="8.9681600"><ele>939.7</ele></trkpt>
      <trkpt lat="41.8999877" lon="8.9679848"><ele>937.9</ele></trkpt>
      <trkpt lat="41.8998455" lon="8.9678988"><ele>936.5</ele></trkpt>
      <trkpt lat="41.8997636" lon="8.9677781"><ele>935.4</ele></trkpt>
      <trkpt lat="41.8996697" lon="8.9677062"><ele>933.9</ele></trkpt>
      <trkpt lat="41.8996254" lon="8.9675121"><ele>932.4</ele></trkpt>
      <trkpt lat="41.8995720" lon="8.9674106"><ele>931.1</ele></trkpt>
      <trkpt lat="41.8994701" lon="8.9674428"><ele>929.7</ele></trkpt>
      <trkpt lat="41.8994153" lon="8.9674265"><ele>928.2</ele></trkpt>
      <trkpt lat="41.8992280" lon="8.9675080"><ele>922.7</ele></trkpt>
      <trkpt lat="41.8991537" lon="8.9675058"><ele>919.8</ele></trkpt>
      <trkpt lat="41.8990878" lon="8.9675702"><ele>917.0</ele></trkpt>
      <trkpt lat="41.8989960" lon="8.9675757"><ele>913.5</ele></trkpt>
      <trkpt lat="41.8989870" lon="8.9673918"><ele>913.7</ele></trkpt>
      <trkpt lat="41.8990629" lon="8.9670458"><ele>916.9</ele></trkpt>
      <trkpt lat="41.8990689" lon="8.9668822"><ele>916.9</ele></trkpt>
      <trkpt lat="41.8991412" lon="8.9664426"><ele>917.4</ele></trkpt>
      <trkpt lat="41.8991108" lon="8.9663619"><ele>916.7</ele></trkpt>
      <trkpt lat="41.8991175" lon="8.9662048"><ele>917.1</ele></trkpt>
      <trkpt lat="41.8989022" lon="8.9660410"><ele>916.2</ele></trkpt>
      <trkpt lat="41.8988142" lon="8.9656968"><ele>920.9</ele></trkpt>
      <trkpt lat="41.8988363" lon="8.9655112"><ele>923.8</ele></trkpt>
      <trkpt lat="41.8988689" lon="8.9654081"><ele>925.1</ele></trkpt>
      <trkpt lat="41.8988233" lon="8.9652970"><ele>927.5</ele></trkpt>
      <trkpt lat="41.8988134" lon="8.9652218"><ele>928.9</ele></trkpt>
      <trkpt lat="41.8989052" lon="8.9648840"><ele>934.0</ele></trkpt>
      <trkpt lat="41.8988749" lon="8.9647453"><ele>937.3</ele></trkpt>
      <trkpt lat="41.8989062" lon="8.9646055"><ele>939.9</ele></trkpt>
      <trkpt lat="41.8988313" lon="8.9644843"><ele>943.6</ele></trkpt>
      <trkpt lat="41.8987714" lon="8.9644816"><ele>944.2</ele></trkpt>
      <trkpt lat="41.8987175" lon="8.9644334"><ele>945.3</ele></trkpt>
      <trkpt lat="41.8986975" lon="8.9643100"><ele>948.2</ele></trkpt>
      <trkpt lat="41.8986535" lon="8.9641798"><ele>951.6</ele></trkpt>
      <trkpt lat="41.8988225" lon="8.9635464"><ele>970.4</ele></trkpt>
      <trkpt lat="41.8986031" lon="8.9628663"><ele>991.3</ele></trkpt>
      <trkpt lat="41.8985884" lon="8.9624349"><ele>1001.2</ele></trkpt>
      <trkpt lat="41.8984809" lon="8.9619018"><ele>1015.2</ele></trkpt>
      <trkpt lat="41.8979819" lon="8.9615199"><ele>1035.7</ele></trkpt>
      <trkpt lat="41.8977662" lon="8.9612129"><ele>1044.5</ele></trkpt>
      <trkpt lat="41.8976696" lon="8.9611999"><ele>1045.7</ele></trkpt>
      <trkpt lat="41.8973776" lon="8.9609752"><ele>1049.9</ele></trkpt>
      <trkpt lat="41.8972857" lon="8.9608335"><ele>1051.1</ele></trkpt>
      <trkpt lat="41.8972479" lon="8.9607324"><ele>1052.2</ele></trkpt>
      <trkpt lat="41.8971191" lon="8.9605412"><ele>1053.1</ele></trkpt>
      <trkpt lat="41.8969015" lon="8.9602561"><ele>1054.3</ele></trkpt>
      <trkpt lat="41.8967840" lon="8.9596894"><ele>1053.4</ele></trkpt>
      <trkpt lat="41.8967145" lon="8.9596034"><ele>1053.7</ele></trkpt>
      <trkpt lat="41.8966647" lon="8.9593477"><ele>1051.6</ele></trkpt>
      <trkpt lat="41.8964430" lon="8.9591422"><ele>1052.8</ele></trkpt>
      <trkpt lat="41.8962419" lon="8.9587412"><ele>1050.4</ele></trkpt>
      <trkpt lat="41.8962512" lon="8.9586281"><ele>1048.8</ele></trkpt>
      <trkpt lat="41.8961474" lon="8.9584646"><ele>1046.5</ele></trkpt>
      <trkpt lat="41.8962578" lon="8.9582857"><ele>1043.0</ele></trkpt>
      <trkpt lat="41.8963004" lon="8.9580903"><ele>1038.2</ele></trkpt>
      <trkpt lat="41.8960649" lon="8.9574596"><ele>1032.0</ele></trkpt>
      <trkpt lat="41.8959259" lon="8.9568084"><ele>1023.5</ele></trkpt>
      <trkpt lat="41.8955886" lon="8.9563363"><ele>1019.5</ele></trkpt>
      <trkpt lat="41.8953491" lon="8.9561778"><ele>1020.2</ele></trkpt>
      <trkpt lat="41.8949859" lon="8.9557137"><ele>1017.8</ele></trkpt>
      <trkpt lat="41.8949392" lon="8.9556014"><ele>1016.6</ele></trkpt>
      <trkpt lat="41.8949554" lon="8.9555156"><ele>1014.5</ele></trkpt>
      <trkpt lat="41.8948591" lon="8.9553313"><ele>1012.5</ele></trkpt>
      <trkpt lat="41.8947241" lon="8.9552135"><ele>1011.4</ele></trkpt>
      <trkpt lat="41.8946671" lon="8.9546410"><ele>999.8</ele></trkpt>
      <trkpt lat="41.8945480" lon="8.9544707"><ele>997.6</ele></trkpt>
      <trkpt lat="41.8946472" lon="8.9543846"><ele>995.4</ele></trkpt>
      <trkpt lat="41.8946446" lon="8.9541155"><ele>990.8</ele></trkpt>
      <trkpt lat="41.8945141" lon="8.9539382"><ele>989.7</ele></trkpt>
      <trkpt lat="41.8944604" lon="8.9536972"><ele>987.9</ele></trkpt>
      <trkpt lat="41.8941931" lon="8.9537075"><ele>987.0</ele></trkpt>
      <trkpt lat="41.8941033" lon="8.9536103"><ele>984.9</ele></trkpt>
      <trkpt lat="41.8938497" lon="8.9537895"><ele>978.7</ele></trkpt>
      <trkpt lat="41.8937991" lon="8.9536959"><ele>976.4</ele></trkpt>
      <trkpt lat="41.8937165" lon="8.9536711"><ele>973.3</ele></trkpt>
      <trkpt lat="41.8934239" lon="8.9537271"><ele>959.2</ele></trkpt>
      <trkpt lat="41.8933682" lon="8.9538342"><ele>956.6</ele></trkpt>
      <trkpt lat="41.8932367" lon="8.9537915"><ele>949.4</ele></trkpt>
      <trkpt lat="41.8931318" lon="8.9538265"><ele>944.5</ele></trkpt>
      <trkpt lat="41.8928848" lon="8.9540303"><ele>935.4</ele></trkpt>
      <trkpt lat="41.8920669" lon="8.9544273"><ele>905.9</ele></trkpt>
      <trkpt lat="41.8919320" lon="8.9545706"><ele>901.3</ele></trkpt>
      <trkpt lat="41.8918144" lon="8.9548938"><ele>897.6</ele></trkpt>
      <trkpt lat="41.8917230" lon="8.9549174"><ele>892.8</ele></trkpt>
      <trkpt lat="41.8916787" lon="8.9550645"><ele>890.6</ele></trkpt>
      <trkpt lat="41.8912163" lon="8.9556229"><ele>864.0</ele></trkpt>
      <trkpt lat="41.8909561" lon="8.9557426"><ele>853.4</ele></trkpt>
      <trkpt lat="41.8909179" lon="8.9556356"><ele>852.5</ele></trkpt>
      <trkpt lat="41.8907178" lon="8.9556881"><ele>845.1</ele></trkpt>
      <trkpt lat="41.8905497" lon="8.9555496"><ele>839.2</ele></trkpt>
      <trkpt lat="41.8902893" lon="8.9555289"><ele>830.0</ele></trkpt>
      <trkpt lat="41.8901823" lon="8.9558615"><ele>826.7</ele></trkpt>
      <trkpt lat="41.8900941" lon="8.9558942"><ele>824.0</ele></trkpt>
      <trkpt lat="41.8898451" lon="8.9556905"><ele>818.3</ele></trkpt>
      <trkpt lat="41.8894741" lon="8.9555203"><ele>810.6</ele></trkpt>
      <trkpt lat="41.8891808" lon="8.9551078"><ele>802.6</ele></trkpt>
      <trkpt lat="41.8889388" lon="8.9550440"><ele>797.1</ele></trkpt>
      <trkpt lat="41.8887083" lon="8.9548460"><ele>789.6</ele></trkpt>
      <trkpt lat="41.8883783" lon="8.9548840"><ele>781.8</ele></trkpt>
      <!-- Etape 6 : Santa-Maria-Siche - Bisinao -->
      <trkpt lat="41.8880952" lon="8.9547240"><ele>772.9</ele></trkpt>
      <trkpt lat="41.8879777" lon="8.9546138"><ele>768.6</ele></trkpt>
      <trkpt lat="41.8879258" lon="8.9545387"><ele>766.5</ele></trkpt>
      <trkpt lat="41.8879298" lon="8.9544475"><ele>765.4</ele></trkpt>
      <trkpt lat="41.8880032" lon="8.9543374"><ele>765.7</ele></trkpt>
      <trkpt lat="41.8884881" lon="8.9542100"><ele>774.7</ele></trkpt>
      <trkpt lat="41.8888691" lon="8.9541164"><ele>781.0</ele></trkpt>
      <trkpt lat="41.8889954" lon="8.9540207"><ele>782.2</ele></trkpt>
      <trkpt lat="41.8894401" lon="8.9532419"><ele>784.2</ele></trkpt>
      <trkpt lat="41.8895905" lon="8.9531998"><ele>788.3</ele></trkpt>
      <trkpt lat="41.8894888" lon="8.9530635"><ele>785.9</ele></trkpt>
      <trkpt lat="41.8894888" lon="8.9528867"><ele>787.9</ele></trkpt>
      <trkpt lat="41.8894092" lon="8.9527563"><ele>787.3</ele></trkpt>
      <trkpt lat="41.8893692" lon="8.9523822"><ele>794.3</ele></trkpt>
      <trkpt lat="41.8892525" lon="8.9520805"><ele>799.0</ele></trkpt>
      <trkpt lat="41.8891509" lon="8.9515107"><ele>811.1</ele></trkpt>
      <trkpt lat="41.8889860" lon="8.9511466"><ele>813.8</ele></trkpt>
      <trkpt lat="41.8889788" lon="8.9508291"><ele>819.9</ele></trkpt>
      <trkpt lat="41.8887225" lon="8.9504182"><ele>818.2</ele></trkpt>
      <trkpt lat="41.8885869" lon="8.9502979"><ele>815.1</ele></trkpt>
      <trkpt lat="41.8884878" lon="8.9500806"><ele>815.6</ele></trkpt>
      <trkpt lat="41.8884179" lon="8.9497461"><ele>819.8</ele></trkpt>
      <trkpt lat="41.8879334" lon="8.9494449"><ele>804.6</ele></trkpt>
      <trkpt lat="41.8879418" lon="8.9493956"><ele>806.0</ele></trkpt>
      <trkpt lat="41.8878549" lon="8.9492561"><ele>805.6</ele></trkpt>
      <trkpt lat="41.8878160" lon="8.9491437"><ele>806.5</ele></trkpt>
      <trkpt lat="41.8876722" lon="8.9485279"><ele>816.1</ele></trkpt>
      <trkpt lat="41.8876551" lon="8.9483551"><ele>820.1</ele></trkpt>
      <trkpt lat="41.8877301" lon="8.9480018"><ele>831.5</ele></trkpt>
      <trkpt lat="41.8877102" lon="8.9479002"><ele>833.8</ele></trkpt>
      <trkpt lat="41.8876757" lon="8.9478355"><ele>834.8</ele></trkpt>
      <trkpt lat="41.8876043" lon="8.9478117"><ele>834.1</ele></trkpt>
      <trkpt lat="41.8874685" lon="8.9478170"><ele>831.8</ele></trkpt>
      <trkpt lat="41.8871746" lon="8.9474536"><ele>839.3</ele></trkpt>
      <trkpt lat="41.8869998" lon="8.9473435"><ele>841.1</ele></trkpt>
      <trkpt lat="41.8867205" lon="8.9469431"><ele>849.6</ele></trkpt>
      <trkpt lat="41.8866863" lon="8.9466624"><ele>854.6</ele></trkpt>
      <trkpt lat="41.8861842" lon="8.9466403"><ele>850.7</ele></trkpt>
      <trkpt lat="41.8860794" lon="8.9462538"><ele>854.3</ele></trkpt>
      <trkpt lat="41.8858022" lon="8.9458831"><ele>854.9</ele></trkpt>
      <trkpt lat="41.8857303" lon="8.9455004"><ele>856.8</ele></trkpt>
      <trkpt lat="41.8851165" lon="8.9450225"><ele>855.8</ele></trkpt>
      <trkpt lat="41.8849130" lon="8.9447527"><ele>856.4</ele></trkpt>
      <trkpt lat="41.8845751" lon="8.9446977"><ele>853.9</ele></trkpt>
      <trkpt lat="41.8843894" lon="8.9447191"><ele>853.0</ele></trkpt>
      <trkpt lat="41.8841274" lon="8.9446734"><ele>852.2</ele></trkpt>
      <trkpt lat="41.8837371" lon="8.9448035"><ele>848.8</ele></trkpt>
      <trkpt lat="41.8832782" lon="8.9445414"><ele>846.2</ele></trkpt>
      <trkpt lat="41.8829251" lon="8.9442202"><ele>844.4</ele></trkpt>
      <trkpt lat="41.8828440" lon="8.9442277"><ele>843.3</ele></trkpt>
      <trkpt lat="41.8826750" lon="8.9445435"><ele>837.9</ele></trkpt>
      <trkpt lat="41.8825395" lon="8.9446712"><ele>834.2</ele></trkpt>
      <trkpt lat="41.8820713" lon="8.9447315"><ele>826.1</ele></trkpt>
      <trkpt lat="41.8818507" lon="8.9446336"><ele>824.1</ele></trkpt>
      <trkpt lat="41.8817560" lon="8.9447325"><ele>821.4</ele></trkpt>
      <trkpt lat="41.8816091" lon="8.9447289"><ele>818.4</ele></trkpt>
      <trkpt lat="41.8810035" lon="8.9444419"><ele>810.3</ele></trkpt>
      <trkpt lat="41.8805424" lon="8.9443630"><ele>806.0</ele></trkpt>
      <trkpt lat="41.8802254" lon="8.9442228"><ele>805.0</ele></trkpt>
      <trkpt lat="41.8800947" lon="8.9442532"><ele>803.0</ele></trkpt>
      <trkpt lat="41.8799663" lon="8.9441866"><ele>802.4</ele></trkpt>
      <trkpt lat="41.8797303" lon="8.9437490"><ele>806.6</ele></trkpt>
      <trkpt lat="41.8794646" lon="8.9434652"><ele>807.0</ele></trkpt>
      <trkpt lat="41.8794656" lon="8.9433711"><ele>808.8</ele></trkpt>
      <trkpt lat="41.8792665" lon="8.9431161"><ele>808.9</ele></trkpt>
      <trkpt lat="41.8790526" lon="8.9425639"><ele>811.7</ele></trkpt>
      <trkpt lat="41.8783427" lon="8.9420187"><ele>799.3</ele></trkpt>
      <trkpt lat="41.8782042" lon="8.9417364"><ele>797.7</ele></trkpt>
      <trkpt lat="41.8780920" lon="8.9413090"><ele>796.3</ele></trkpt>
      <trkpt lat="41.8781133" lon="8.9408771"><ele>797.5</ele></trkpt>
      <trkpt lat="41.8780706" lon="8.9406423"><ele>797.5</ele></trkpt>
      <trkpt lat="41.8778311" lon="8.9401538"><ele>793.2</ele></trkpt>
      <trkpt lat="41.8779460" lon="8.9398078"><ele>798.8</ele></trkpt>
      <trkpt lat="41.8779801" lon="8.9394216"><ele>802.7</ele></trkpt>
      <trkpt lat="41.8780769" lon="8.9391114"><ele>808.1</ele></trkpt>
      <trkpt lat="41.8780977" lon="8.9386972"><ele>812.3</ele></trkpt>
      <trkpt lat="41.8779147" lon="8.9380434"><ele>810.1</ele></trkpt>
      <trkpt lat="41.8779692" lon="8.9378490"><ele>812.8</ele></trkpt>
      <trkpt lat="41.8780052" lon="8.9373290"><ele>814.4</ele></trkpt>
      <trkpt lat="41.8779648" lon="8.9372027"><ele>813.1</ele></trkpt>
      <trkpt lat="41.8777231" lon="8.9369673"><ele>807.8</ele></trkpt>
      <trkpt lat="41.8775851" lon="8.9365677"><ele>805.8</ele></trkpt>
      <trkpt lat="41.8775968" lon="8.9362233"><ele>804.5</ele></trkpt>
      <trkpt lat="41.8777820" lon="8.9358250"><ele>799.7</ele></trkpt>
      <trkpt lat="41.8777965" lon="8.9356291"><ele>796.3</ele></trkpt>
      <trkpt lat="41.8780103" lon="8.9355258"><ele>792.8</ele></trkpt>
      <trkpt lat="41.8780792" lon="8.9352700"><ele>786.4</ele></trkpt>
      <trkpt lat="41.8787054" lon="8.9352462"><ele>781.7</ele></trkpt>
      <trkpt lat="41.8791817" lon="8.9344758"><ele>765.6</ele></trkpt>
      <trkpt lat="41.8791499" lon="8.9344606"><ele>765.4</ele></trkpt>
      <trkpt lat="41.8790162" lon="8.9343966"><ele>764.2</ele></trkpt>
      <trkpt lat="41.8786909" lon="8.9343998"><ele>763.6</ele></trkpt>
      <trkpt lat="41.8786268" lon="8.9341925"><ele>759.9</ele></trkpt>
      <trkpt lat="41.8787289" lon="8.9338321"><ele>755.6</ele></trkpt>
      <trkpt lat="41.8788748" lon="8.9336550"><ele>755.3</ele></trkpt>
      <trkpt lat="41.8788672" lon="8.9335477"><ele>754.5</ele></trkpt>
      <trkpt lat="41.8792433" lon="8.9332364"><ele>757.6</ele></trkpt>
      <trkpt lat="41.8795155" lon="8.9331524"><ele>759.3</ele></trkpt>
      <trkpt lat="41.8796291" lon="8.9331673"><ele>759.7</ele></trkpt>
      <trkpt lat="41.8797264" lon="8.9328704"><ele>763.0</ele></trkpt>
      <trkpt lat="41.8797733" lon="8.9327082"><ele>764.7</ele></trkpt>
      <trkpt lat="41.8797963" lon="8.9325888"><ele>765.7</ele></trkpt>
      <trkpt lat="41.8798004" lon="8.9324614"><ele>766.7</ele></trkpt>
      <trkpt lat="41.8797784" lon="8.9323194"><ele>767.8</ele></trkpt>
      <trkpt lat="41.8793930" lon="8.9314868"><ele>773.0</ele></trkpt>
      <trkpt lat="41.8793130" lon="8.9311810"><ele>775.9</ele></trkpt>
      <trkpt lat="41.8790362" lon="8.9308111"><ele>778.7</ele></trkpt>
      <trkpt lat="41.8789700" lon="8.9305104"><ele>783.5</ele></trkpt>
      <trkpt lat="41.8789045" lon="8.9304470"><ele>783.8</ele></trkpt>
      <trkpt lat="41.8785954" lon="8.9305873"><ele>777.3</ele></trkpt>
      <trkpt lat="41.8784320" lon="8.9305660"><ele>775.9</ele></trkpt>
      <trkpt lat="41.8782642" lon="8.9304225"><ele>777.4</ele></trkpt>
      <trkpt lat="41.8781715" lon="8.9302333"><ele>781.1</ele></trkpt>
      <trkpt lat="41.8780901" lon="8.9298417"><ele>789.5</ele></trkpt>
      <trkpt lat="41.8778436" lon="8.9294111"><ele>796.2</ele></trkpt>
      <trkpt lat="41.8777093" lon="8.9289631"><ele>803.0</ele></trkpt>
      <trkpt lat="41.8775386" lon="8.9287168"><ele>805.1</ele></trkpt>
      <trkpt lat="41.8773850" lon="8.9282091"><ele>812.1</ele></trkpt>
      <trkpt lat="41.8773345" lon="8.9280410"><ele>814.1</ele></trkpt>
      <trkpt lat="41.8773288" lon="8.9277942"><ele>817.6</ele></trkpt>
      <trkpt lat="41.8772606" lon="8.9276007"><ele>819.5</ele></trkpt>
      <trkpt lat="41.8772284" lon="8.9274811"><ele>820.8</ele></trkpt>
      <trkpt lat="41.8769175" lon="8.9272437"><ele>823.6</ele></trkpt>
      <trkpt lat="41.8765911" lon="8.9269132"><ele>831.8</ele></trkpt>
      <trkpt lat="41.8762897" lon="8.9268255"><ele>837.7</ele></trkpt>
      <trkpt lat="41.8760536" lon="8.9266501"><ele>844.6</ele></trkpt>
      <trkpt lat="41.8758627" lon="8.9263870"><ele>851.8</ele></trkpt>
      <trkpt lat="41.8753604" lon="8.9261576"><ele>855.0</ele></trkpt>
      <trkpt lat="41.8752650" lon="8.9259485"><ele>856.9</ele></trkpt>
      <trkpt lat="41.8749435" lon="8.9254763"><ele>855.3</ele></trkpt>
      <trkpt lat="41.8749435" lon="8.9251255"><ele>860.1</ele></trkpt>
      <trkpt lat="41.8748732" lon="8.9248759"><ele>862.2</ele></trkpt>
      <trkpt lat="41.8748280" lon="8.9248489"><ele>861.3</ele></trkpt>
      <trkpt lat="41.8746321" lon="8.9243362"><ele>864.9</ele></trkpt>
      <trkpt lat="41.8744663" lon="8.9241743"><ele>863.4</ele></trkpt>
      <trkpt lat="41.8742553" lon="8.9238302"><ele>865.2</ele></trkpt>
      <trkpt lat="41.8737781" lon="8.9233850"><ele>870.0</ele></trkpt>
      <trkpt lat="41.8736927" lon="8.9234052"><ele>869.5</ele></trkpt>
      <trkpt lat="41.8734265" lon="8.9230544"><ele>877.2</ele></trkpt>
      <trkpt lat="41.8731753" lon="8.9231152"><ele>876.9</ele></trkpt>
      <trkpt lat="41.8729041" lon="8.9231421"><ele>876.0</ele></trkpt>
      <trkpt lat="41.8727132" lon="8.9228183"><ele>882.5</ele></trkpt>
      <trkpt lat="41.8725926" lon="8.9227644"><ele>883.1</ele></trkpt>
      <trkpt lat="41.8722209" lon="8.9221505"><ele>890.2</ele></trkpt>
      <trkpt lat="41.8720300" lon="8.9220560"><ele>888.6</ele></trkpt>
      <trkpt lat="41.8718040" lon="8.9216580"><ele>889.8</ele></trkpt>
      <trkpt lat="41.8714372" lon="8.9212600"><ele>887.5</ele></trkpt>
      <trkpt lat="41.8713368" lon="8.9212735"><ele>886.6</ele></trkpt>
      <trkpt lat="41.8708244" lon="8.9208417"><ele>887.4</ele></trkpt>
      <trkpt lat="41.8705380" lon="8.9205044"><ele>887.2</ele></trkpt>
      <trkpt lat="41.8704677" lon="8.9199513"><ele>888.5</ele></trkpt>
      <trkpt lat="41.8703019" lon="8.9197826"><ele>888.7</ele></trkpt>
      <trkpt lat="41.8699704" lon="8.9198636"><ele>886.3</ele></trkpt>
      <trkpt lat="41.8696539" lon="8.9196275"><ele>885.7</ele></trkpt>
      <trkpt lat="41.8690345" lon="8.9190988"><ele>885.7</ele></trkpt>
      <trkpt lat="41.8687532" lon="8.9190755"><ele>884.2</ele></trkpt>
      <trkpt lat="41.8681848" lon="8.9192697"><ele>876.6</ele></trkpt>
      <trkpt lat="41.8679394" lon="8.9191383"><ele>875.8</ele></trkpt>
      <trkpt lat="41.8676527" lon="8.9187648"><ele>877.2</ele></trkpt>
      <trkpt lat="41.8673892" lon="8.9182820"><ele>880.1</ele></trkpt>
      <trkpt lat="41.8671956" lon="8.9180585"><ele>880.5</ele></trkpt>
      <trkpt lat="41.8669893" lon="8.9180892"><ele>880.0</ele></trkpt>
      <trkpt lat="41.8665528" lon="8.9184151"><ele>879.0</ele></trkpt>
      <trkpt lat="41.8661009" lon="8.9183508"><ele>879.9</ele></trkpt>
      <trkpt lat="41.8658648" lon="8.9182446"><ele>880.5</ele></trkpt>
      <trkpt lat="41.8653089" lon="8.9177344"><ele>884.7</ele></trkpt>
      <trkpt lat="41.8648182" lon="8.9176349"><ele>880.1</ele></trkpt>
      <trkpt lat="41.8645867" lon="8.9173459"><ele>880.8</ele></trkpt>
      <trkpt lat="41.8643234" lon="8.9171664"><ele>879.8</ele></trkpt>
      <trkpt lat="41.8640840" lon="8.9170894"><ele>878.2</ele></trkpt>
      <trkpt lat="41.8636407" lon="8.9165236"><ele>872.6</ele></trkpt>
      <trkpt lat="41.8635871" lon="8.9162916"><ele>869.3</ele></trkpt>
      <trkpt lat="41.8634985" lon="8.9161740"><ele>867.0</ele></trkpt>
      <trkpt lat="41.8629054" lon="8.9158710"><ele>861.6</ele></trkpt>
      <trkpt lat="41.8623586" lon="8.9154932"><ele>862.6</ele></trkpt>
      <trkpt lat="41.8620688" lon="8.9149174"><ele>861.1</ele></trkpt>
      <trkpt lat="41.8619384" lon="8.9144216"><ele>856.1</ele></trkpt>
      <trkpt lat="41.8617459" lon="8.9139307"><ele>852.7</ele></trkpt>
      <trkpt lat="41.8613736" lon="8.9135229"><ele>854.1</ele></trkpt>
      <trkpt lat="41.8610152" lon="8.9130180"><ele>850.0</ele></trkpt>
      <trkpt lat="41.8605812" lon="8.9127102"><ele>853.6</ele></trkpt>
      <trkpt lat="41.8602820" lon="8.9121404"><ele>850.9</ele></trkpt>
      <trkpt lat="41.8600471" lon="8.9118358"><ele>850.0</ele></trkpt>
      <trkpt lat="41.8596616" lon="8.9115757"><ele>847.3</ele></trkpt>
      <trkpt lat="41.8587788" lon="8.9105531"><ele>837.2</ele></trkpt>
      <trkpt lat="41.8585619" lon="8.9099217"><ele>834.7</ele></trkpt>
      <trkpt lat="41.8585882" lon="8.9097464"><ele>833.5</ele></trkpt>
      <trkpt lat="41.8585582" lon="8.9095030"><ele>831.2</ele></trkpt>
      <trkpt lat="41.8583546" lon="8.9089399"><ele>825.9</ele></trkpt>
      <trkpt lat="41.8579861" lon="8.9085241"><ele>826.9</ele></trkpt>
      <trkpt lat="41.8578393" lon="8.9083967"><ele>829.4</ele></trkpt>
      <trkpt lat="41.8577764" lon="8.9083416"><ele>830.7</ele></trkpt>
      <trkpt lat="41.8571823" lon="8.9075811"><ele>840.0</ele></trkpt>
      <trkpt lat="41.8569570" lon="8.9070536"><ele>843.0</ele></trkpt>
      <trkpt lat="41.8566843" lon="8.9066914"><ele>840.7</ele></trkpt>
      <trkpt lat="41.8566409" lon="8.9063865"><ele>842.2</ele></trkpt>
      <trkpt lat="41.8566247" lon="8.9058451"><ele>845.8</ele></trkpt>
      <trkpt lat="41.8565650" lon="8.9056658"><ele>846.9</ele></trkpt>
      <trkpt lat="41.8563969" lon="8.9054623"><ele>847.3</ele></trkpt>
      <trkpt lat="41.8563084" lon="8.9053488"><ele>848.0</ele></trkpt>
      <trkpt lat="41.8558150" lon="8.9049212"><ele>849.7</ele></trkpt>
      <trkpt lat="41.8552676" lon="8.9041302"><ele>857.4</ele></trkpt>
      <trkpt lat="41.8548642" lon="8.9033872"><ele>850.1</ele></trkpt>
      <trkpt lat="41.8548826" lon="8.9032535"><ele>849.5</ele></trkpt>
      <trkpt lat="41.8549435" lon="8.9030309"><ele>848.5</ele></trkpt>
      <trkpt lat="41.8552562" lon="8.9023429"><ele>849.1</ele></trkpt>
      <trkpt lat="41.8554580" lon="8.9020036"><ele>851.3</ele></trkpt>
      <trkpt lat="41.8556568" lon="8.9019003"><ele>857.9</ele></trkpt>
      <trkpt lat="41.8557976" lon="8.9017314"><ele>862.4</ele></trkpt>
      <trkpt lat="41.8559724" lon="8.9013116"><ele>867.9</ele></trkpt>
      <trkpt lat="41.8559195" lon="8.9007524"><ele>868.2</ele></trkpt>
      <trkpt lat="41.8557097" lon="8.8999262"><ele>871.2</ele></trkpt>
      <trkpt lat="41.8554080" lon="8.8993040"><ele>869.9</ele></trkpt>
      <trkpt lat="41.8551803" lon="8.8988104"><ele>872.2</ele></trkpt>
      <trkpt lat="41.8549665" lon="8.8984162"><ele>874.0</ele></trkpt>
      <trkpt lat="41.8547528" lon="8.8982257"><ele>870.7</ele></trkpt>
      <trkpt lat="41.8546668" lon="8.8980111"><ele>873.4</ele></trkpt>
      <trkpt lat="41.8544611" lon="8.8977912"><ele>871.8</ele></trkpt>
      <trkpt lat="41.8543142" lon="8.8975967"><ele>872.3</ele></trkpt>
      <trkpt lat="41.8541974" lon="8.8973433"><ele>876.2</ele></trkpt>
      <trkpt lat="41.8540555" lon="8.8971850"><ele>876.5</ele></trkpt>
      <trkpt lat="41.8540026" lon="8.8969503"><ele>883.1</ele></trkpt>
      <trkpt lat="41.8537588" lon="8.8969570"><ele>874.4</ele></trkpt>
      <trkpt lat="41.8534871" lon="8.8966781"><ele>876.3</ele></trkpt>
      <trkpt lat="41.8534312" lon="8.8965480"><ele>879.8</ele></trkpt>
      <trkpt lat="41.8532404" lon="8.8964058"><ele>879.0</ele></trkpt>
      <trkpt lat="41.8529867" lon="8.8960773"><ele>882.4</ele></trkpt>
      <trkpt lat="41.8527949" lon="8.8957782"><ele>884.8</ele></trkpt>
      <trkpt lat="41.8523433" lon="8.8954952"><ele>873.0</ele></trkpt>
      <trkpt lat="41.8522794" lon="8.8954094"><ele>873.0</ele></trkpt>
      <trkpt lat="41.8522355" lon="8.8952471"><ele>876.1</ele></trkpt>
      <trkpt lat="41.8521745" lon="8.8950777"><ele>878.5</ele></trkpt>
      <trkpt lat="41.8520723" lon="8.8949461"><ele>878.6</ele></trkpt>
      <trkpt lat="41.8519737" lon="8.8949132"><ele>876.4</ele></trkpt>
      <trkpt lat="41.8518799" lon="8.8949386"><ele>872.8</ele></trkpt>
      <trkpt lat="41.8517889" lon="8.8948582"><ele>872.4</ele></trkpt>
      <trkpt lat="41.8517903" lon="8.8946652"><ele>877.2</ele></trkpt>
      <trkpt lat="41.8516590" lon="8.8944415"><ele>878.9</ele></trkpt>
      <trkpt lat="41.8514139" lon="8.8941867"><ele>878.9</ele></trkpt>
      <trkpt lat="41.8507892" lon="8.8935254"><ele>888.9</ele></trkpt>
      <trkpt lat="41.8505039" lon="8.8933117"><ele>891.2</ele></trkpt>
      <trkpt lat="41.8504139" lon="8.8931247"><ele>892.8</ele></trkpt>
      <trkpt lat="41.8504702" lon="8.8927659"><ele>897.0</ele></trkpt>
      <trkpt lat="41.8505849" lon="8.8925788"><ele>900.4</ele></trkpt>
      <trkpt lat="41.8507311" lon="8.8924633"><ele>903.0</ele></trkpt>
      <trkpt lat="41.8508018" lon="8.8921840"><ele>907.1</ele></trkpt>
      <trkpt lat="41.8509667" lon="8.8918835"><ele>913.0</ele></trkpt>
      <trkpt lat="41.8509296" lon="8.8917729"><ele>914.0</ele></trkpt>
      <trkpt lat="41.8508131" lon="8.8917360"><ele>912.2</ele></trkpt>
      <trkpt lat="41.8505743" lon="8.8914485"><ele>909.1</ele></trkpt>
      <trkpt lat="41.8505896" lon="8.8912107"><ele>911.3</ele></trkpt>
      <trkpt lat="41.8505376" lon="8.8911640"><ele>910.1</ele></trkpt>
      <trkpt lat="41.8505419" lon="8.8910650"><ele>910.9</ele></trkpt>
      <trkpt lat="41.8504589" lon="8.8908714"><ele>910.6</ele></trkpt>
      <trkpt lat="41.8503190" lon="8.8907998"><ele>907.7</ele></trkpt>
      <trkpt lat="41.8501306" lon="8.8908631"><ele>903.3</ele></trkpt>
      <trkpt lat="41.8499924" lon="8.8907336"><ele>902.3</ele></trkpt>
      <trkpt lat="41.8498927" lon="8.8907553"><ele>900.6</ele></trkpt>
      <trkpt lat="41.8498494" lon="8.8906638"><ele>901.2</ele></trkpt>
      <trkpt lat="41.8495568" lon="8.8905900"><ele>899.4</ele></trkpt>
      <trkpt lat="41.8494696" lon="8.8903703"><ele>901.2</ele></trkpt>
      <trkpt lat="41.8494235" lon="8.8901571"><ele>902.4</ele></trkpt>
      <trkpt lat="41.8494424" lon="8.8895555"><ele>902.8</ele></trkpt>
      <trkpt lat="41.8495839" lon="8.8890377"><ele>902.1</ele></trkpt>
      <trkpt lat="41.8498435" lon="8.8885668"><ele>904.5</ele></trkpt>
      <trkpt lat="41.8498945" lon="8.8883316"><ele>902.8</ele></trkpt>
      <trkpt lat="41.8500984" lon="8.8879211"><ele>903.3</ele></trkpt>
      <trkpt lat="41.8503100" lon="8.8877218"><ele>907.8</ele></trkpt>
      <trkpt lat="41.8506645" lon="8.8870925"><ele>914.2</ele></trkpt>
      <trkpt lat="41.8509524" lon="8.8868290"><ele>924.2</ele></trkpt>
      <trkpt lat="41.8510809" lon="8.8865621"><ele>926.3</ele></trkpt>
      <trkpt lat="41.8510922" lon="8.8862725"><ele>923.7</ele></trkpt>
      <trkpt lat="41.8511819" lon="8.8858876"><ele>923.8</ele></trkpt>
      <trkpt lat="41.8516124" lon="8.8852053"><ele>942.8</ele></trkpt>
      <trkpt lat="41.8516665" lon="8.8849185"><ele>946.1</ele></trkpt>
      <trkpt lat="41.8516023" lon="8.8845630"><ele>945.3</ele></trkpt>
      <trkpt lat="41.8512736" lon="8.8842423"><ele>934.3</ele></trkpt>
      <trkpt lat="41.8511330" lon="8.8839602"><ele>930.3</ele></trkpt>
      <trkpt lat="41.8509508" lon="8.8838228"><ele>923.7</ele></trkpt>
      <trkpt lat="41.8507934" lon="8.8836026"><ele>918.3</ele></trkpt>
      <trkpt lat="41.8504040" lon="8.8824424"><ele>894.1</ele></trkpt>
      <trkpt lat="41.8503832" lon="8.8819130"><ele>884.7</ele></trkpt>
      <trkpt lat="41.8502849" lon="8.8815590"><ele>875.6</ele></trkpt>
      <trkpt lat="41.8504662" lon="8.8810376"><ele>869.7</ele></trkpt>
      <trkpt lat="41.8507844" lon="8.8805823"><ele>871.3</ele></trkpt>
      <trkpt lat="41.8511690" lon="8.8797528"><ele>871.5</ele></trkpt>
      <trkpt lat="41.8511794" lon="8.8794505"><ele>868.0</ele></trkpt>
      <trkpt lat="41.8509964" lon="8.8790824"><ele>859.7</ele></trkpt>
      <trkpt lat="41.8509407" lon="8.8790431"><ele>858.1</ele></trkpt>
      <trkpt lat="41.8509160" lon="8.8788914"><ele>855.5</ele></trkpt>
      <trkpt lat="41.8508032" lon="8.8788020"><ele>852.1</ele></trkpt>
      <!-- Etape 7 : Bisinao - Porticcio -->
      <trkpt lat="41.8507862" lon="8.8786054"><ele>849.2</ele></trkpt>
      <trkpt lat="41.8509385" lon="8.8784445"><ele>849.0</ele></trkpt>
      <trkpt lat="41.8509866" lon="8.8780537"><ele>841.9</ele></trkpt>
      <trkpt lat="41.8510657" lon="8.8778321"><ele>837.7</ele></trkpt>
      <trkpt lat="41.8520234" lon="8.8770750"><ele>815.9</ele></trkpt>
      <trkpt lat="41.8524984" lon="8.8769614"><ele>805.1</ele></trkpt>
      <trkpt lat="41.8529396" lon="8.8767696"><ele>789.2</ele></trkpt>
      <trkpt lat="41.8529541" lon="8.8765144"><ele>782.0</ele></trkpt>
      <trkpt lat="41.8530487" lon="8.8763955"><ele>777.3</ele></trkpt>
      <trkpt lat="41.8534048" lon="8.8765702"><ele>774.0</ele></trkpt>
      <trkpt lat="41.8535658" lon="8.8764635"><ele>768.5</ele></trkpt>
      <trkpt lat="41.8536859" lon="8.8764776"><ele>765.7</ele></trkpt>
      <trkpt lat="41.8538963" lon="8.8762556"><ele>756.0</ele></trkpt>
      <trkpt lat="41.8539197" lon="8.8761030"><ele>752.6</ele></trkpt>
      <trkpt lat="41.8539992" lon="8.8761111"><ele>750.8</ele></trkpt>
      <trkpt lat="41.8541943" lon="8.8756905"><ele>738.6</ele></trkpt>
      <trkpt lat="41.8544083" lon="8.8755958"><ele>732.1</ele></trkpt>
      <trkpt lat="41.8544786" lon="8.8755200"><ele>729.3</ele></trkpt>
      <trkpt lat="41.8545135" lon="8.8753570"><ele>725.9</ele></trkpt>
      <trkpt lat="41.8546109" lon="8.8753921"><ele>724.3</ele></trkpt>
      <trkpt lat="41.8546732" lon="8.8753286"><ele>722.0</ele></trkpt>
      <trkpt lat="41.8547511" lon="8.8751856"><ele>718.3</ele></trkpt>
      <trkpt lat="41.8547564" lon="8.8749066"><ele>713.8</ele></trkpt>
      <trkpt lat="41.8549038" lon="8.8744899"><ele>703.5</ele></trkpt>
      <trkpt lat="41.8547579" lon="8.8739103"><ele>696.8</ele></trkpt>
      <trkpt lat="41.8546573" lon="8.8737714"><ele>697.1</ele></trkpt>
      <trkpt lat="41.8545558" lon="8.8737289"><ele>698.9</ele></trkpt>
      <trkpt lat="41.8545700" lon="8.8729732"><ele>685.4</ele></trkpt>
      <trkpt lat="41.8545501" lon="8.8726145"><ele>680.0</ele></trkpt>
      <trkpt lat="41.8544904" lon="8.8724204"><ele>677.9</ele></trkpt>
      <trkpt lat="41.8545885" lon="8.8715362"><ele>669.5</ele></trkpt>
      <trkpt lat="41.8545308" lon="8.8712555"><ele>667.2</ele></trkpt>
      <trkpt lat="41.8545436" lon="8.8710544"><ele>665.4</ele></trkpt>
      <trkpt lat="41.8546919" lon="8.8708570"><ele>665.1</ele></trkpt>
      <trkpt lat="41.8548628" lon="8.8703649"><ele>661.3</ele></trkpt>
      <trkpt lat="41.8548951" lon="8.8698910"><ele>655.4</ele></trkpt>
      <trkpt lat="41.8548438" lon="8.8694332"><ele>647.6</ele></trkpt>
      <trkpt lat="41.8549148" lon="8.8691995"><ele>642.9</ele></trkpt>
      <trkpt lat="41.8549092" lon="8.8690476"><ele>639.7</ele></trkpt>
      <trkpt lat="41.8548465" lon="8.8690130"><ele>639.1</ele></trkpt>
      <trkpt lat="41.8548292" lon="8.8688807"><ele>636.3</ele></trkpt>
      <trkpt lat="41.8548891" lon="8.8687348"><ele>632.7</ele></trkpt>
      <trkpt lat="41.8548590" lon="8.8687001"><ele>632.1</ele></trkpt>
      <trkpt lat="41.8548731" lon="8.8683533"><ele>623.8</ele></trkpt>
      <trkpt lat="41.8548292" lon="8.8682349"><ele>621.6</ele></trkpt>
      <trkpt lat="41.8549800" lon="8.8678747"><ele>613.8</ele></trkpt>
      <trkpt lat="41.8552083" lon="8.8669910"><ele>603.0</ele></trkpt>
      <trkpt lat="41.8554216" lon="8.8665576"><ele>597.0</ele></trkpt>
      <trkpt lat="41.8555020" lon="8.8661960"><ele>592.1</ele></trkpt>
      <trkpt lat="41.8556075" lon="8.8659888"><ele>589.5</ele></trkpt>
      <trkpt lat="41.8557366" lon="8.8658971"><ele>588.0</ele></trkpt>
      <trkpt lat="41.8560037" lon="8.8654547"><ele>580.1</ele></trkpt>
      <trkpt lat="41.8561371" lon="8.8654413"><ele>578.6</ele></trkpt>
      <trkpt lat="41.8563426" lon="8.8653147"><ele>572.2</ele></trkpt>
      <trkpt lat="41.8563748" lon="8.8649884"><ele>567.3</ele></trkpt>
      <trkpt lat="41.8564614" lon="8.8649622"><ele>564.8</ele></trkpt>
      <trkpt lat="41.8564812" lon="8.8648697"><ele>562.9</ele></trkpt>
      <trkpt lat="41.8566508" lon="8.8646990"><ele>556.8</ele></trkpt>
      <trkpt lat="41.8567895" lon="8.8646631"><ele>553.9</ele></trkpt>
      <trkpt lat="41.8569365" lon="8.8644625"><ele>549.4</ele></trkpt>
      <trkpt lat="41.8571209" lon="8.8643332"><ele>545.4</ele></trkpt>
      <trkpt lat="41.8572617" lon="8.8642788"><ele>543.2</ele></trkpt>
      <trkpt lat="41.8573452" lon="8.8643121"><ele>541.9</ele></trkpt>
      <trkpt lat="41.8574583" lon="8.8641626"><ele>540.3</ele></trkpt>
      <trkpt lat="41.8576045" lon="8.8636881"><ele>535.7</ele></trkpt>
      <trkpt lat="41.8579663" lon="8.8632124"><ele>526.8</ele></trkpt>
      <trkpt lat="41.8580892" lon="8.8628559"><ele>518.7</ele></trkpt>
      <trkpt lat="41.8582102" lon="8.8626621"><ele>513.1</ele></trkpt>
      <trkpt lat="41.8584092" lon="8.8620938"><ele>499.7</ele></trkpt>
      <trkpt lat="41.8584001" lon="8.8618448"><ele>495.0</ele></trkpt>
      <trkpt lat="41.8584433" lon="8.8617421"><ele>492.6</ele></trkpt>
      <trkpt lat="41.8583604" lon="8.8614738"><ele>488.1</ele></trkpt>
      <trkpt lat="41.8584543" lon="8.8612498"><ele>483.3</ele></trkpt>
      <trkpt lat="41.8584076" lon="8.8606911"><ele>476.3</ele></trkpt>
      <trkpt lat="41.8585267" lon="8.8604144"><ele>474.2</ele></trkpt>
      <trkpt lat="41.8584460" lon="8.8601482"><ele>472.8</ele></trkpt>
      <trkpt lat="41.8585274" lon="8.8597819"><ele>473.4</ele></trkpt>
      <trkpt lat="41.8594788" lon="8.8599456"><ele>479.1</ele></trkpt>
      <trkpt lat="41.8597533" lon="8.8599759"><ele>474.9</ele></trkpt>
      <trkpt lat="41.8599915" lon="8.8599808"><ele>468.8</ele></trkpt>
      <trkpt lat="41.8603360" lon="8.8599766"><ele>457.2</ele></trkpt>
      <trkpt lat="41.8604551" lon="8.8599173"><ele>454.2</ele></trkpt>
      <trkpt lat="41.8605223" lon="8.8598172"><ele>454.1</ele></trkpt>
      <trkpt lat="41.8605533" lon="8.8596976"><ele>456.0</ele></trkpt>
      <trkpt lat="41.8605387" lon="8.8593632"><ele>464.8</ele></trkpt>
      <trkpt lat="41.8605605" lon="8.8591362"><ele>470.2</ele></trkpt>
      <trkpt lat="41.8605997" lon="8.8590057"><ele>472.6</ele></trkpt>
      <trkpt lat="41.8606732" lon="8.8589018"><ele>473.6</ele></trkpt>
      <trkpt lat="41.8607671" lon="8.8588345"><ele>473.1</ele></trkpt>
      <trkpt lat="41.8609169" lon="8.8588017"><ele>470.4</ele></trkpt>
      <trkpt lat="41.8612368" lon="8.8588676"><ele>461.5</ele></trkpt>
      <trkpt lat="41.8615404" lon="8.8588701"><ele>458.0</ele></trkpt>
      <trkpt lat="41.8618804" lon="8.8588896"><ele>455.9</ele></trkpt>
      <trkpt lat="41.8621822" lon="8.8589213"><ele>456.3</ele></trkpt>
      <trkpt lat="41.8623812" lon="8.8589032"><ele>458.6</ele></trkpt>
      <trkpt lat="41.8625331" lon="8.8588652"><ele>461.3</ele></trkpt>
      <trkpt lat="41.8626731" lon="8.8588164"><ele>464.1</ele></trkpt>
      <trkpt lat="41.8628245" lon="8.8588250"><ele>464.5</ele></trkpt>
      <trkpt lat="41.8630621" lon="8.8589799"><ele>459.3</ele></trkpt>
      <trkpt lat="41.8632766" lon="8.8591069"><ele>454.6</ele></trkpt>
      <trkpt lat="41.8634930" lon="8.8592192"><ele>448.6</ele></trkpt>
      <trkpt lat="41.8636772" lon="8.8592792"><ele>444.2</ele></trkpt>
      <trkpt lat="41.8639202" lon="8.8593046"><ele>439.8</ele></trkpt>
      <trkpt lat="41.8640747" lon="8.8593046"><ele>437.3</ele></trkpt>
      <trkpt lat="41.8642405" lon="8.8592680"><ele>436.3</ele></trkpt>
      <trkpt lat="41.8644383" lon="8.8592192"><ele>435.4</ele></trkpt>
      <trkpt lat="41.8646874" lon="8.8592192"><ele>431.5</ele></trkpt>
      <trkpt lat="41.8648782" lon="8.8591947"><ele>429.1</ele></trkpt>
      <trkpt lat="41.8651434" lon="8.8590078"><ele>433.7</ele></trkpt>
      <trkpt lat="41.8652582" lon="8.8588530"><ele>439.2</ele></trkpt>
      <trkpt lat="41.8653691" lon="8.8587309"><ele>443.6</ele></trkpt>
      <trkpt lat="41.8655200" lon="8.8586602"><ele>444.8</ele></trkpt>
      <trkpt lat="41.8657458" lon="8.8586291"><ele>442.0</ele></trkpt>
      <trkpt lat="41.8661014" lon="8.8586634"><ele>431.4</ele></trkpt>
      <trkpt lat="41.8661980" lon="8.8586570"><ele>429.2</ele></trkpt>
      <trkpt lat="41.8664853" lon="8.8586260"><ele>424.2</ele></trkpt>
      <trkpt lat="41.8666961" lon="8.8586016"><ele>421.0</ele></trkpt>
      <trkpt lat="41.8668815" lon="8.8585820"><ele>418.0</ele></trkpt>
      <trkpt lat="41.8671832" lon="8.8585443"><ele>413.0</ele></trkpt>
      <trkpt lat="41.8673033" lon="8.8585650"><ele>410.2</ele></trkpt>
      <trkpt lat="41.8674687" lon="8.8585430"><ele>406.3</ele></trkpt>
      <trkpt lat="41.8675347" lon="8.8584880"><ele>405.1</ele></trkpt>
      <trkpt lat="41.8675960" lon="8.8583990"><ele>404.2</ele></trkpt>
      <trkpt lat="41.8676130" lon="8.8582740"><ele>404.8</ele></trkpt>
      <trkpt lat="41.8676230" lon="8.8578663"><ele>405.7</ele></trkpt>
      <trkpt lat="41.8676323" lon="8.8576935"><ele>405.6</ele></trkpt>
      <trkpt lat="41.8676642" lon="8.8574977"><ele>404.7</ele></trkpt>
      <trkpt lat="41.8677723" lon="8.8571198"><ele>400.3</ele></trkpt>
      <trkpt lat="41.8678559" lon="8.8568171"><ele>395.6</ele></trkpt>
      <trkpt lat="41.8678741" lon="8.8566121"><ele>394.4</ele></trkpt>
      <trkpt lat="41.8678723" lon="8.8564559"><ele>394.3</ele></trkpt>
      <trkpt lat="41.8678535" lon="8.8561947"><ele>395.7</ele></trkpt>
      <trkpt lat="41.8678387" lon="8.8559056"><ele>397.8</ele></trkpt>
      <trkpt lat="41.8678307" lon="8.8556910"><ele>399.7</ele></trkpt>
      <trkpt lat="41.8678359" lon="8.8553061"><ele>403.1</ele></trkpt>
      <trkpt lat="41.8678614" lon="8.8550937"><ele>404.6</ele></trkpt>
      <trkpt lat="41.8679008" lon="8.8549113"><ele>405.6</ele></trkpt>
      <trkpt lat="41.8679941" lon="8.8547740"><ele>405.0</ele></trkpt>
      <trkpt lat="41.8681122" lon="8.8546812"><ele>403.8</ele></trkpt>
      <trkpt lat="41.8683140" lon="8.8546104"><ele>400.5</ele></trkpt>
      <trkpt lat="41.8684467" lon="8.8546129"><ele>397.9</ele></trkpt>
      <trkpt lat="41.8686212" lon="8.8547007"><ele>394.0</ele></trkpt>
      <trkpt lat="41.8687743" lon="8.8548236"><ele>390.2</ele></trkpt>
      <trkpt lat="41.8689439" lon="8.8549685"><ele>386.4</ele></trkpt>
      <trkpt lat="41.8690598" lon="8.8551019"><ele>383.7</ele></trkpt>
      <trkpt lat="41.8691438" lon="8.8551905"><ele>382.2</ele></trkpt>
      <trkpt lat="41.8692029" lon="8.8552402"><ele>381.3</ele></trkpt>
      <trkpt lat="41.8692902" lon="8.8552475"><ele>380.6</ele></trkpt>
      <trkpt lat="41.8693502" lon="8.8552109"><ele>380.2</ele></trkpt>
      <trkpt lat="41.8694083" lon="8.8551230"><ele>379.4</ele></trkpt>
      <trkpt lat="41.8694538" lon="8.8548789"><ele>378.5</ele></trkpt>
      <trkpt lat="41.8694827" lon="8.8546943"><ele>377.8</ele></trkpt>
      <trkpt lat="41.8694959" lon="8.8545642"><ele>377.5</ele></trkpt>
      <trkpt lat="41.8694869" lon="8.8544011"><ele>378.0</ele></trkpt>
      <trkpt lat="41.8694550" lon="8.8542324"><ele>379.3</ele></trkpt>
      <trkpt lat="41.8693520" lon="8.8540246"><ele>382.9</ele></trkpt>
      <trkpt lat="41.8693184" lon="8.8539242"><ele>384.2</ele></trkpt>
      <trkpt lat="41.8692993" lon="8.8537609"><ele>385.2</ele></trkpt>
      <trkpt lat="41.8693172" lon="8.8536474"><ele>384.9</ele></trkpt>
      <trkpt lat="41.8693862" lon="8.8534986"><ele>383.5</ele></trkpt>
      <trkpt lat="41.8695447" lon="8.8533435"><ele>380.2</ele></trkpt>
      <trkpt lat="41.8696737" lon="8.8531995"><ele>377.7</ele></trkpt>
      <trkpt lat="41.8697719" lon="8.8530677"><ele>376.0</ele></trkpt>
      <trkpt lat="41.8698710" lon="8.8529283"><ele>374.4</ele></trkpt>
      <trkpt lat="41.8699464" lon="8.8528162"><ele>373.4</ele></trkpt>
      <trkpt lat="41.8700510" lon="8.8527534"><ele>371.7</ele></trkpt>
      <trkpt lat="41.8701510" lon="8.8527116"><ele>370.1</ele></trkpt>
      <trkpt lat="41.8702918" lon="8.8527137"><ele>367.5</ele></trkpt>
      <trkpt lat="41.8704790" lon="8.8527430"><ele>363.9</ele></trkpt>
      <trkpt lat="41.8706498" lon="8.8527266"><ele>360.8</ele></trkpt>
      <trkpt lat="41.8707262" lon="8.8526844"><ele>359.9</ele></trkpt>
      <trkpt lat="41.8707971" lon="8.8525501"><ele>360.2</ele></trkpt>
      <trkpt lat="41.8708716" lon="8.8523964"><ele>359.8</ele></trkpt>
      <trkpt lat="41.8709390" lon="8.8523184"><ele>359.2</ele></trkpt>
      <trkpt lat="41.8710580" lon="8.8522612"><ele>357.9</ele></trkpt>
      <trkpt lat="41.8712079" lon="8.8522597"><ele>355.6</ele></trkpt>
      <trkpt lat="41.8714210" lon="8.8522867"><ele>351.8</ele></trkpt>
      <trkpt lat="41.8715500" lon="8.8522671"><ele>349.7</ele></trkpt>
      <trkpt lat="41.8716061" lon="8.8522232"><ele>349.3</ele></trkpt>
      <trkpt lat="41.8716508" lon="8.8521506"><ele>349.1</ele></trkpt>
      <trkpt lat="41.8717405" lon="8.8519863"><ele>349.0</ele></trkpt>
      <trkpt lat="41.8718368" lon="8.8518373"><ele>348.4</ele></trkpt>
      <trkpt lat="41.8719350" lon="8.8517788"><ele>346.9</ele></trkpt>
      <trkpt lat="41.8721840" lon="8.8517251"><ele>342.7</ele></trkpt>
      <trkpt lat="41.8723040" lon="8.8516714"><ele>340.9</ele></trkpt>
      <trkpt lat="41.8723640" lon="8.8515957"><ele>340.2</ele></trkpt>
      <trkpt lat="41.8724549" lon="8.8512466"><ele>340.6</ele></trkpt>
      <trkpt lat="41.8725167" lon="8.8509756"><ele>342.0</ele></trkpt>
      <trkpt lat="41.8725821" lon="8.8508878"><ele>342.7</ele></trkpt>
      <trkpt lat="41.8727784" lon="8.8507169"><ele>344.0</ele></trkpt>
      <trkpt lat="41.8729275" lon="8.8505778"><ele>345.6</ele></trkpt>
      <trkpt lat="41.8730435" lon="8.8504518"><ele>346.6</ele></trkpt>
      <trkpt lat="41.8731638" lon="8.8503947"><ele>346.6</ele></trkpt>
      <trkpt lat="41.8734364" lon="8.8503044"><ele>345.2</ele></trkpt>
      <trkpt lat="41.8735782" lon="8.8502238"><ele>343.6</ele></trkpt>
      <trkpt lat="41.8736582" lon="8.8501213"><ele>341.8</ele></trkpt>
      <trkpt lat="41.8737200" lon="8.8500041"><ele>339.9</ele></trkpt>
      <trkpt lat="41.8737781" lon="8.8497820"><ele>337.2</ele></trkpt>
      <trkpt lat="41.8738018" lon="8.8495037"><ele>334.2</ele></trkpt>
      <trkpt lat="41.8737327" lon="8.8489251"><ele>333.3</ele></trkpt>
      <trkpt lat="41.8736171" lon="8.8482673"><ele>334.1</ele></trkpt>
      <trkpt lat="41.8735724" lon="8.8480738"><ele>334.4</ele></trkpt>
      <trkpt lat="41.8734056" lon="8.8475829"><ele>334.2</ele></trkpt>
      <trkpt lat="41.8733589" lon="8.8473794"><ele>333.0</ele></trkpt>
      <trkpt lat="41.8733246" lon="8.8470156"><ele>331.3</ele></trkpt>
      <trkpt lat="41.8732795" lon="8.8468491"><ele>330.5</ele></trkpt>
      <trkpt lat="41.8731689" lon="8.8465235"><ele>329.5</ele></trkpt>
      <trkpt lat="41.8731570" lon="8.8464296"><ele>329.3</ele></trkpt>
      <trkpt lat="41.8731634" lon="8.8463440"><ele>329.3</ele></trkpt>
      <trkpt lat="41.8731804" lon="8.8462814"><ele>329.3</ele></trkpt>
      <trkpt lat="41.8732083" lon="8.8462249"><ele>329.3</ele></trkpt>
      <trkpt lat="41.8730832" lon="8.8460264"><ele>328.8</ele></trkpt>
      <trkpt lat="41.8730775" lon="8.8459338"><ele>328.6</ele></trkpt>
      <trkpt lat="41.8732366" lon="8.8456346"><ele>329.6</ele></trkpt>
      <trkpt lat="41.8732482" lon="8.8455216"><ele>329.9</ele></trkpt>
      <trkpt lat="41.8731682" lon="8.8452758"><ele>329.9</ele></trkpt>
      <trkpt lat="41.8731647" lon="8.8450612"><ele>330.5</ele></trkpt>
      <trkpt lat="41.8734563" lon="8.8447531"><ele>333.3</ele></trkpt>
      <trkpt lat="41.8734503" lon="8.8442203"><ele>336.1</ele></trkpt>
      <trkpt lat="41.8735228" lon="8.8440469"><ele>337.8</ele></trkpt>
      <trkpt lat="41.8737425" lon="8.8437335"><ele>340.5</ele></trkpt>
      <trkpt lat="41.8739651" lon="8.8437044"><ele>340.8</ele></trkpt>
      <trkpt lat="41.8740959" lon="8.8435439"><ele>342.2</ele></trkpt>
      <trkpt lat="41.8742696" lon="8.8434660"><ele>343.4</ele></trkpt>
      <trkpt lat="41.8743273" lon="8.8434910"><ele>343.2</ele></trkpt>
      <trkpt lat="41.8744021" lon="8.8436863"><ele>340.4</ele></trkpt>
      <trkpt lat="41.8745262" lon="8.8437749"><ele>339.4</ele></trkpt>
      <trkpt lat="41.8746338" lon="8.8437807"><ele>339.5</ele></trkpt>
      <trkpt lat="41.8750037" lon="8.8436178"><ele>344.0</ele></trkpt>
      <trkpt lat="41.8753124" lon="8.8437057"><ele>344.6</ele></trkpt>
      <trkpt lat="41.8753763" lon="8.8437919"><ele>343.3</ele></trkpt>
      <trkpt lat="41.8755130" lon="8.8438019"><ele>344.5</ele></trkpt>
      <trkpt lat="41.8758075" lon="8.8440281"><ele>342.6</ele></trkpt>
      <trkpt lat="41.8761673" lon="8.8440211"><ele>345.9</ele></trkpt>
      <trkpt lat="41.8763691" lon="8.8441086"><ele>345.8</ele></trkpt>
      <trkpt lat="41.8766608" lon="8.8443375"><ele>342.9</ele></trkpt>
      <trkpt lat="41.8767846" lon="8.8443249"><ele>342.8</ele></trkpt>
      <trkpt lat="41.8768647" lon="8.8442883"><ele>343.2</ele></trkpt>
      <trkpt lat="41.8770618" lon="8.8439920"><ele>347.1</ele></trkpt>
      <trkpt lat="41.8774795" lon="8.8437108"><ele>349.6</ele></trkpt>
      <trkpt lat="41.8775251" lon="8.8435761"><ele>351.6</ele></trkpt>
      <trkpt lat="41.8777846" lon="8.8433348"><ele>354.9</ele></trkpt>
      <trkpt lat="41.8783853" lon="8.8437103"><ele>355.5</ele></trkpt>
      <trkpt lat="41.8785676" lon="8.8435502"><ele>359.6</ele></trkpt>
      <trkpt lat="41.8786760" lon="8.8435314"><ele>361.2</ele></trkpt>
      <trkpt lat="41.8787360" lon="8.8433772"><ele>362.8</ele></trkpt>
      <trkpt lat="41.8787869" lon="8.8433182"><ele>363.4</ele></trkpt>
      <trkpt lat="41.8788996" lon="8.8433153"><ele>364.4</ele></trkpt>
      <trkpt lat="41.8795458" lon="8.8434904"><ele>366.6</ele></trkpt>
      <trkpt lat="41.8795659" lon="8.8434018"><ele>366.4</ele></trkpt>
      <trkpt lat="41.8796669" lon="8.8433078"><ele>366.2</ele></trkpt>
      <trkpt lat="41.8797860" lon="8.8429679"><ele>364.4</ele></trkpt>
      <trkpt lat="41.8800466" lon="8.8425396"><ele>359.1</ele></trkpt>
      <trkpt lat="41.8803507" lon="8.8421464"><ele>352.9</ele></trkpt>
      <trkpt lat="41.8805602" lon="8.8416458"><ele>345.1</ele></trkpt>
      <trkpt lat="41.8808423" lon="8.8417056"><ele>341.6</ele></trkpt>
      <trkpt lat="41.8810385" lon="8.8420104"><ele>342.8</ele></trkpt>
      <trkpt lat="41.8811763" lon="8.8421318"><ele>343.2</ele></trkpt>
      <trkpt lat="41.8812672" lon="8.8421158"><ele>341.7</ele></trkpt>
      <trkpt lat="41.8815221" lon="8.8423215"><ele>342.9</ele></trkpt>
      <trkpt lat="41.8817447" lon="8.8423508"><ele>341.6</ele></trkpt>
      <trkpt lat="41.8821504" lon="8.8429678"><ele>352.1</ele></trkpt>
      <trkpt lat="41.8826134" lon="8.8432734"><ele>354.0</ele></trkpt>
      <trkpt lat="41.8828786" lon="8.8433275"><ele>353.2</ele></trkpt>
      <trkpt lat="41.8831229" lon="8.8435259"><ele>355.0</ele></trkpt>
      <trkpt lat="41.8832134" lon="8.8434586"><ele>353.0</ele></trkpt>
      <trkpt lat="41.8833378" lon="8.8434630"><ele>352.0</ele></trkpt>
      <trkpt lat="41.8835600" lon="8.8432895"><ele>346.9</ele></trkpt>
      <trkpt lat="41.8837285" lon="8.8434117"><ele>347.7</ele></trkpt>
      <trkpt lat="41.8839728" lon="8.8434462"><ele>347.0</ele></trkpt>
      <trkpt lat="41.8842810" lon="8.8435424"><ele>348.6</ele></trkpt>
      <trkpt lat="41.8848626" lon="8.8431352"><ele>350.7</ele></trkpt>
      <trkpt lat="41.8849168" lon="8.8430472"><ele>351.1</ele></trkpt>
      <trkpt lat="41.8848418" lon="8.8427284"><ele>348.7</ele></trkpt>
      <trkpt lat="41.8847162" lon="8.8424505"><ele>346.5</ele></trkpt>
      <trkpt lat="41.8846654" lon="8.8422153"><ele>345.6</ele></trkpt>
      <trkpt lat="41.8845126" lon="8.8419764"><ele>343.8</ele></trkpt>
      <trkpt lat="41.8845159" lon="8.8416577"><ele>342.7</ele></trkpt>
      <trkpt lat="41.8847123" lon="8.8412839"><ele>341.2</ele></trkpt>
      <trkpt lat="41.8847053" lon="8.8411674"><ele>339.8</ele></trkpt>
      <trkpt lat="41.8847571" lon="8.8410513"><ele>338.4</ele></trkpt>
      <trkpt lat="41.8850632" lon="8.8407996"><ele>336.1</ele></trkpt>
      <trkpt lat="41.8852384" lon="8.8404017"><ele>327.3</ele></trkpt>
      <trkpt lat="41.8852514" lon="8.8402751"><ele>323.8</ele></trkpt>
      <trkpt lat="41.8854628" lon="8.8401067"><ele>320.1</ele></trkpt>
      <trkpt lat="41.8855688" lon="8.8399313"><ele>315.0</ele></trkpt>
      <trkpt lat="41.8855133" lon="8.8396631"><ele>306.8</ele></trkpt>
      <trkpt lat="41.8859794" lon="8.8393848"><ele>298.3</ele></trkpt>
      <trkpt lat="41.8864478" lon="8.8389751"><ele>290.3</ele></trkpt>
      <trkpt lat="41.8865030" lon="8.8389967"><ele>291.1</ele></trkpt>
      <trkpt lat="41.8867812" lon="8.8386779"><ele>283.8</ele></trkpt>
      <trkpt lat="41.8872186" lon="8.8385045"><ele>276.7</ele></trkpt>
      <trkpt lat="41.8873355" lon="8.8383354"><ele>272.0</ele></trkpt>
      <trkpt lat="41.8876862" lon="8.8383665"><ele>265.5</ele></trkpt>
      <trkpt lat="41.8878112" lon="8.8379749"><ele>258.4</ele></trkpt>
      <trkpt lat="41.8879438" lon="8.8377448"><ele>254.0</ele></trkpt>
      <trkpt lat="41.8880059" lon="8.8373569"><ele>250.7</ele></trkpt>
      <trkpt lat="41.8879860" lon="8.8368097"><ele>246.3</ele></trkpt>
      <trkpt lat="41.8881818" lon="8.8366514"><ele>243.4</ele></trkpt>
      <trkpt lat="41.8880789" lon="8.8364695"><ele>242.0</ele></trkpt>
      <trkpt lat="41.8880268" lon="8.8363946"><ele>241.3</ele></trkpt>
      <trkpt lat="41.8879747" lon="8.8363196"><ele>240.5</ele></trkpt>
      <trkpt lat="41.8878378" lon="8.8362770"><ele>240.5</ele></trkpt>
      <trkpt lat="41.8876833" lon="8.8361740"><ele>240.2</ele></trkpt>
      <trkpt lat="41.8876766" lon="8.8359567"><ele>238.3</ele></trkpt>
      <trkpt lat="41.8875202" lon="8.8353873"><ele>233.4</ele></trkpt>
      <trkpt lat="41.8872457" lon="8.8350310"><ele>231.4</ele></trkpt>
      <trkpt lat="41.8871634" lon="8.8346809"><ele>228.2</ele></trkpt>
      <trkpt lat="41.8868608" lon="8.8341394"><ele>223.1</ele></trkpt>
      <trkpt lat="41.8868015" lon="8.8338032"><ele>220.0</ele></trkpt>
      <trkpt lat="41.8869475" lon="8.8331046"><ele>212.2</ele></trkpt>
      <trkpt lat="41.8868678" lon="8.8328356"><ele>210.1</ele></trkpt>
      <trkpt lat="41.8869560" lon="8.8327132"><ele>207.2</ele></trkpt>
      <trkpt lat="41.8869587" lon="8.8324462"><ele>203.4</ele></trkpt>
      <trkpt lat="41.8870930" lon="8.8322683"><ele>198.3</ele></trkpt>
      <trkpt lat="41.8870943" lon="8.8320890"><ele>196.2</ele></trkpt>
      <trkpt lat="41.8873190" lon="8.8318487"><ele>188.8</ele></trkpt>
      <trkpt lat="41.8873633" lon="8.8316892"><ele>186.5</ele></trkpt>
      <trkpt lat="41.8875450" lon="8.8314330"><ele>180.9</ele></trkpt>
      <trkpt lat="41.8876873" lon="8.8311133"><ele>176.3</ele></trkpt>
      <trkpt lat="41.8876408" lon="8.8310152"><ele>176.4</ele></trkpt>
      <trkpt lat="41.8874187" lon="8.8309271"><ele>179.9</ele></trkpt>
      <trkpt lat="41.8872855" lon="8.8307319"><ele>180.9</ele></trkpt>
      <trkpt lat="41.8873284" lon="8.8305460"><ele>178.6</ele></trkpt>
      <trkpt lat="41.8872556" lon="8.8301946"><ele>176.2</ele></trkpt>
      <trkpt lat="41.8873392" lon="8.8300140"><ele>173.3</ele></trkpt>
      <trkpt lat="41.8873859" lon="8.8297468"><ele>170.5</ele></trkpt>
      <trkpt lat="41.8875001" lon="8.8297659"><ele>169.2</ele></trkpt>
      <trkpt lat="41.8875126" lon="8.8297219"><ele>168.7</ele></trkpt>
      <trkpt lat="41.8874616" lon="8.8296376"><ele>168.8</ele></trkpt>
      <trkpt lat="41.8874019" lon="8.8295784"><ele>169.1</ele></trkpt>
      <trkpt lat="41.8871448" lon="8.8295698"><ele>170.6</ele></trkpt>
      <trkpt lat="41.8869634" lon="8.8296148"><ele>171.1</ele></trkpt>
      <trkpt lat="41.8867419" lon="8.8295799"><ele>170.2</ele></trkpt>
      <trkpt lat="41.8866439" lon="8.8295156"><ele>169.1</ele></trkpt>
      <trkpt lat="41.8864761" lon="8.8294673"><ele>167.9</ele></trkpt>
      <trkpt lat="41.8863643" lon="8.8293546"><ele>166.6</ele></trkpt>
      <trkpt lat="41.8863104" lon="8.8292795"><ele>165.9</ele></trkpt>
      <trkpt lat="41.8862472" lon="8.8292685"><ele>165.8</ele></trkpt>
      <trkpt lat="41.8861507" lon="8.8291776"><ele>164.7</ele></trkpt>
      <trkpt lat="41.8860748" lon="8.8289523"><ele>162.6</ele></trkpt>
      <trkpt lat="41.8860001" lon="8.8288497"><ele>161.4</ele></trkpt>
      <trkpt lat="41.8859849" lon="8.8287351"><ele>160.4</ele></trkpt>
      <trkpt lat="41.8859250" lon="8.8286573"><ele>159.5</ele></trkpt>
      <trkpt lat="41.8858911" lon="8.8285473"><ele>158.5</ele></trkpt>
      <trkpt lat="41.8858631" lon="8.8283434"><ele>156.7</ele></trkpt>
      <trkpt lat="41.8858082" lon="8.8281761"><ele>155.1</ele></trkpt>
      <trkpt lat="41.8857074" lon="8.8280404"><ele>153.2</ele></trkpt>
      <trkpt lat="41.8856834" lon="8.8279787"><ele>152.4</ele></trkpt>
      <trkpt lat="41.8855953" lon="8.8278230"><ele>149.9</ele></trkpt>
      <trkpt lat="41.8855237" lon="8.8277802"><ele>148.5</ele></trkpt>
      <trkpt lat="41.8854418" lon="8.8277963"><ele>147.7</ele></trkpt>
      <trkpt lat="41.8853479" lon="8.8277400"><ele>145.9</ele></trkpt>
      <trkpt lat="41.8852501" lon="8.8276380"><ele>143.6</ele></trkpt>
      <trkpt lat="41.8851477" lon="8.8276483"><ele>142.9</ele></trkpt>
      <trkpt lat="41.8850314" lon="8.8274181"><ele>138.6</ele></trkpt>
      <trkpt lat="41.8849982" lon="8.8272619"><ele>135.7</ele></trkpt>
      <trkpt lat="41.8847151" lon="8.8270432"><ele>130.5</ele></trkpt>
      <trkpt lat="41.8846292" lon="8.8269903"><ele>129.6</ele></trkpt>
      <trkpt lat="41.8845132" lon="8.8268510"><ele>127.8</ele></trkpt>
      <trkpt lat="41.8844194" lon="8.8268334"><ele>127.9</ele></trkpt>
      <trkpt lat="41.8842727" lon="8.8268358"><ele>128.7</ele></trkpt>
      <trkpt lat="41.8841276" lon="8.8269251"><ele>130.4</ele></trkpt>
      <trkpt lat="41.8839362" lon="8.8272161"><ele>134.1</ele></trkpt>
      <trkpt lat="41.8838575" lon="8.8272635"><ele>134.8</ele></trkpt>
      <trkpt lat="41.8837712" lon="8.8269931"><ele>133.3</ele></trkpt>
      <trkpt lat="41.8837620" lon="8.8267714"><ele>131.9</ele></trkpt>
      <trkpt lat="41.8838654" lon="8.8264706"><ele>128.9</ele></trkpt>
      <trkpt lat="41.8838889" lon="8.8261300"><ele>126.2</ele></trkpt>
      <trkpt lat="41.8838842" lon="8.8260180"><ele>125.5</ele></trkpt>
      <trkpt lat="41.8838383" lon="8.8259295"><ele>125.3</ele></trkpt>
      <trkpt lat="41.8836126" lon="8.8253206"><ele>121.4</ele></trkpt>
      <trkpt lat="41.8834798" lon="8.8250672"><ele>117.8</ele></trkpt>
      <trkpt lat="41.8834429" lon="8.8248593"><ele>114.8</ele></trkpt>
      <trkpt lat="41.8833607" lon="8.8246310"><ele>111.0</ele></trkpt>
      <trkpt lat="41.8834165" lon="8.8245193"><ele>110.3</ele></trkpt>
      <trkpt lat="41.8834046" lon="8.8243666"><ele>108.3</ele></trkpt>
      <trkpt lat="41.8832480" lon="8.8240222"><ele>102.2</ele></trkpt>
      <trkpt lat="41.8832245" lon="8.8239255"><ele>100.9</ele></trkpt>
      <trkpt lat="41.8831489" lon="8.8234696"><ele>96.8</ele></trkpt>
      <trkpt lat="41.8831097" lon="8.8232358"><ele>95.4</ele></trkpt>
      <trkpt lat="41.8830424" lon="8.8229338"><ele>93.9</ele></trkpt>
      <trkpt lat="41.8830099" lon="8.8223922"><ele>92.7</ele></trkpt>
      <trkpt lat="41.8830810" lon="8.8219475"><ele>90.7</ele></trkpt>
      <trkpt lat="41.8832909" lon="8.8213572"><ele>86.8</ele></trkpt>
      <trkpt lat="41.8836625" lon="8.8206428"><ele>81.5</ele></trkpt>
      <trkpt lat="41.8838964" lon="8.8201930"><ele>79.9</ele></trkpt>
      <trkpt lat="41.8839487" lon="8.8199155"><ele>79.7</ele></trkpt>
      <trkpt lat="41.8838996" lon="8.8193018"><ele>76.4</ele></trkpt>
      <trkpt lat="41.8839076" lon="8.8191209"><ele>74.8</ele></trkpt>
      <trkpt lat="41.8839395" lon="8.8189491"><ele>73.3</ele></trkpt>
      <trkpt lat="41.8840646" lon="8.8186925"><ele>71.5</ele></trkpt>
      <trkpt lat="41.8842173" lon="8.8185105"><ele>71.3</ele></trkpt>
      <trkpt lat="41.8845290" lon="8.8183720"><ele>73.2</ele></trkpt>
      <trkpt lat="41.8846359" lon="8.8182879"><ele>73.2</ele></trkpt>
      <trkpt lat="41.8851499" lon="8.8171065"><ele>66.8</ele></trkpt>
      <trkpt lat="41.8851822" lon="8.8168582"><ele>64.9</ele></trkpt>
      <trkpt lat="41.8851734" lon="8.8165656"><ele>62.7</ele></trkpt>
      <trkpt lat="41.8851323" lon="8.8163218"><ele>60.9</ele></trkpt>
      <trkpt lat="41.8850634" lon="8.8161307"><ele>59.0</ele></trkpt>
      <trkpt lat="41.8848780" lon="8.8160528"><ele>56.1</ele></trkpt>
      <trkpt lat="41.8848582" lon="8.8158874"><ele>55.0</ele></trkpt>
      <trkpt lat="41.8847579" lon="8.8155247"><ele>53.3</ele></trkpt>
      <trkpt lat="41.8846826" lon="8.8150992"><ele>52.1</ele></trkpt>
      <trkpt lat="41.8846741" lon="8.8148569"><ele>51.6</ele></trkpt>
      <trkpt lat="41.8848638" lon="8.8136080"><ele>47.1</ele></trkpt>
      <trkpt lat="41.8851851" lon="8.8125783"><ele>44.8</ele></trkpt>
      <trkpt lat="41.8853169" lon="8.8114284"><ele>42.9</ele></trkpt>
      <trkpt lat="41.8854276" lon="8.8110993"><ele>43.0</ele></trkpt>
      <trkpt lat="41.8855370" lon="8.8109475"><ele>43.5</ele></trkpt>
      <trkpt lat="41.8857200" lon="8.8106419"><ele>44.2</ele></trkpt>
      <trkpt lat="41.8857488" lon="8.8103605"><ele>43.5</ele></trkpt>
      <trkpt lat="41.8856902" lon="8.8101547"><ele>42.6</ele></trkpt>
      <trkpt lat="41.8855919" lon="8.8098098"><ele>41.9</ele></trkpt>
      <trkpt lat="41.8855575" lon="8.8095838"><ele>41.6</ele></trkpt>
      <trkpt lat="41.8856528" lon="8.8093988"><ele>40.6</ele></trkpt>
      <trkpt lat="41.8858150" lon="8.8092939"><ele>39.1</ele></trkpt>
      <trkpt lat="41.8861056" lon="8.8092325"><ele>35.8</ele></trkpt>
      <trkpt lat="41.8863272" lon="8.8092293"><ele>32.5</ele></trkpt>
      <trkpt lat="41.8865011" lon="8.8092837"><ele>29.6</ele></trkpt>
      <trkpt lat="41.8866079" lon="8.8093534"><ele>27.8</ele></trkpt>
      <trkpt lat="41.8866623" lon="8.8094246"><ele>26.9</ele></trkpt>
      <trkpt lat="41.8867337" lon="8.8095385"><ele>25.6</ele></trkpt>
      <trkpt lat="41.8867742" lon="8.8096529"><ele>24.9</ele></trkpt>
      <trkpt lat="41.8868096" lon="8.8099757"><ele>24.5</ele></trkpt>
      <trkpt lat="41.8868389" lon="8.8100792"><ele>24.1</ele></trkpt>
      <trkpt lat="41.8868982" lon="8.8101522"><ele>22.8</ele></trkpt>
      <trkpt lat="41.8869714" lon="8.8101889"><ele>21.4</ele></trkpt>
      <trkpt lat="41.8870448" lon="8.8101995"><ele>20.0</ele></trkpt>
      <trkpt lat="41.8872251" lon="8.8101242"><ele>16.9</ele></trkpt>
      <trkpt lat="41.8872618" lon="8.8101492"><ele>16.3</ele></trkpt>
      <trkpt lat="41.8873026" lon="8.8101574"><ele>15.6</ele></trkpt>
      <trkpt lat="41.8873431" lon="8.8101481"><ele>15.0</ele></trkpt>
      <trkpt lat="41.8873795" lon="8.8101220"><ele>14.5</ele></trkpt>
      <trkpt lat="41.8874079" lon="8.8100820"><ele>14.2</ele></trkpt>
      <trkpt lat="41.8874244" lon="8.8100370"><ele>14.0</ele></trkpt>
      <trkpt lat="41.8874306" lon="8.8099876"><ele>14.0</ele></trkpt>
      <trkpt lat="41.8874261" lon="8.8099379"><ele>14.1</ele></trkpt>
      <trkpt lat="41.8874112" lon="8.8098920"><ele>14.3</ele></trkpt>
      <trkpt lat="41.8873872" lon="8.8098536"><ele>14.7</ele></trkpt>
      <trkpt lat="41.8876715" lon="8.8093522"><ele>13.0</ele></trkpt>
      <trkpt lat="41.8879400" lon="8.8087559"><ele>11.8</ele></trkpt>
      <trkpt lat="41.8882129" lon="8.8082358"><ele>10.4</ele></trkpt>
      <trkpt lat="41.8884711" lon="8.8078336"><ele>8.5</ele></trkpt>
      <trkpt lat="41.8885258" lon="8.8077526"><ele>8.6</ele></trkpt>
      <trkpt lat="41.8887413" lon="8.8074397"><ele>8.4</ele></trkpt>
      <trkpt lat="41.8888573" lon="8.8072712"><ele>8.5</ele></trkpt>
      <trkpt lat="41.8890517" lon="8.8069784"><ele>8.0</ele></trkpt>
      <trkpt lat="41.8891095" lon="8.8068912"><ele>7.9</ele></trkpt>
      <trkpt lat="41.8891767" lon="8.8067487"><ele>7.6</ele></trkpt>
      <trkpt lat="41.8892243" lon="8.8066161"><ele>7.4</ele></trkpt>
      <trkpt lat="41.8895507" lon="8.8052064"><ele>4.0</ele></trkpt>
      <trkpt lat="41.8896202" lon="8.8045739"><ele>3.3</ele></trkpt>
      <trkpt lat="41.8896789" lon="8.8040161"><ele>2.9</ele></trkpt>
      <trkpt lat="41.8897194" lon="8.8037768"><ele>2.6</ele></trkpt>
      <trkpt lat="41.8897738" lon="8.8035303"><ele>2.0</ele></trkpt>
      <trkpt lat="41.8898295" lon="8.8033950"><ele>1.9</ele></trkpt>
      <trkpt lat="41.8898563" lon="8.8034026"><ele>1.9</ele></trkpt>
      <trkpt lat="41.8898834" lon="8.8033982"><ele>1.8</ele></trkpt>
      <trkpt lat="41.8899081" lon="8.8033822"><ele>1.8</ele></trkpt>
      <trkpt lat="41.8899254" lon="8.8033601"><ele>1.8</ele></trkpt>
      <trkpt lat="41.8899374" lon="8.8033323"><ele>1.8</ele></trkpt>
      <trkpt lat="41.8899430" lon="8.8033011"><ele>1.8</ele></trkpt>
      <trkpt lat="41.8899412" lon="8.8032654"><ele>1.8</ele></trkpt>
      <trkpt lat="41.8899311" lon="8.8032322"><ele>1.8</ele></trkpt>
      <trkpt lat="41.8899137" lon="8.8032051"><ele>1.8</ele></trkpt>
      <trkpt lat="41.8900277" lon="8.8029689"><ele>1.4</ele></trkpt>
    </trkseg>
  </trk>
</gpx>
